{"success":true,"source":"xp2cvs.pl","last_updated":"2013/03/06 18:03:30 UTC"
,"icao":"40N","name":"Chester Co G O Carlson","lat":39.978961,"lon":-75.8654665,"rwys":1,"ils":1
,"runways":[
{"len_m":1645,"wid_m":30.48,"hdg":101,"surf":"Asphalt","rwy1":"11","lat1":39.98045800,"lon1":-075.87490000,"rwy2":"29","lat2":39.97746400,"lon2":-075.85603300}
]
,"radios":[
{"type":"ATIS","freq":126.25,"desc":"AWOS 3"},
{"type":"CTAF","freq":122.7,"desc":"CTAF/UNICOM"},
{"type":"CLD","freq":125.6,"desc":"CLNC DEL"},
{"type":"APP","freq":124.35,"desc":"PHILADELPHIA APP/DEP"}
]
}
