{"success":true,"source":"xp2cvs.pl","last_updated":"2013/03/06 18:03:30 UTC"
,"icao":"AYPY","name":"Port Moresby Jacksons Intl","lat":-9.442079,"lon":147.2192,"rwys":2,"ils":2
,"runways":[
{"len_m":2756,"wid_m":45.11,"hdg":148,"surf":"Asphalt","rwy1":"14L","lat1":-09.43086754,"lon1":147.21389227,"rwy2":"32R","lat2":-09.45210046,"lon2":147.22702573},
{"len_m":2065,"wid_m":45.11,"hdg":148,"surf":"Asphalt","rwy1":"14R","lat1":-09.43471412,"lon1":147.21302519,"rwy2":"32L","lat2":-09.45063388,"lon2":147.22285681}
]
,"radios":[
{"type":"ATIS","freq":128,"desc":"ATIS"},
{"type":"GND","freq":121.7,"desc":"JACKSONS GND"},
{"type":"TWR","freq":118.1,"desc":"JACKSONS TWR"},
{"type":"APP","freq":125.8,"desc":"JACKSONS APP"}
]
}
