{"success":true,"source":"xp2cvs.pl","last_updated":"2013/03/06 18:03:30 UTC"
,"icao":"BGTL","name":"Thule Air Base","lat":76.531203,"lon":-68.7031625,"rwys":1,"ils":1
,"runways":[
{"len_m":3047,"wid_m":42.67,"hdg":84,"surf":"Asphalt","rwy1":"08T","lat1":76.53000600,"lon1":-068.76151100,"rwy2":"26T","lat2":76.53240000,"lon2":-068.64481400}
]
,"radios":[
{"type":"CLD","freq":119.9,"desc":"CLNC DEL"},
{"type":"GND","freq":119.9,"desc":"GND"},
{"type":"TWR","freq":126.2,"desc":"TWR"},
{"type":"APP","freq":134.1,"desc":"APP"}
]
}
