{"success":true,"source":"xp2cvs.pl","last_updated":"2013/03/06 18:03:30 UTC"
,"icao":"BIKF","name":"Keflavik Nas","lat":63.98070635375,"lon":-22.61545906625,"rwys":2,"ils":4
,"runways":[
{"len_m":3106,"wid_m":60.05,"hdg":179,"surf":"Asphalt","rwy1":"02","lat1":63.99190347,"lon1":-022.60514785,"rwy2":"20","lat2":63.96403664,"lon2":-022.60481526},
{"len_m":3206,"wid_m":60.05,"hdg":89,"surf":"Asphalt","rwy1":"11","lat1":63.98502949,"lon1":-022.65623906,"rwy2":"29","lat2":63.98502949,"lon2":-022.59074442}
]
,"helipads":[
{"rwy1":"H19","len_m":35,"wid_m":35.05,"hdg":-22,"surf":"Asphalt","lat1":-022.58960171,"lon1":-022.65623906},
{"rwy1":"H20","len_m":49,"wid_m":49.99,"hdg":-22,"surf":"Concrete","lat1":-022.64376126,"lon1":-022.65623906}
]
,"radios":[
{"type":"ATIS","freq":128.3,"desc":"ATIS"},
{"type":"GND","freq":121.9,"desc":"GND"},
{"type":"TWR","freq":118.3,"desc":"TWR"},
{"type":"TWR","freq":131.9,"desc":"AIR GND"},
{"type":"APP","freq":119.3,"desc":"APP"},
{"type":"DEP","freq":119.3,"desc":"DEP"}
]
}
