{"success":true,"source":"xp2cvs.pl","last_updated":"2013/03/06 18:03:30 UTC"
,"icao":"BIRK","name":"Reykjavik","lat":64.1298342966667,"lon":-21.94096367,"rwys":3,"ils":1
,"runways":[
{"len_m":1676,"wid_m":45.11,"hdg":355,"surf":"Asphalt","rwy1":"01","lat1":64.12144290,"lon1":-021.93665707,"rwy2":"19","lat2":64.13642780,"lon2":-021.93954082},
{"len_m":1308,"wid_m":46.94,"hdg":116,"surf":"Asphalt","rwy1":"13","lat1":64.13289947,"lon1":-021.95661067,"rwy2":"31","lat2":64.12765328,"lon2":-021.93257473},
{"len_m":919,"wid_m":28.96,"hdg":46,"surf":"Asphalt","rwy1":"06","lat1":64.12743086,"lon1":-021.94699407,"rwy2":"24","lat2":64.13315147,"lon2":-021.93340466}
]
,"radios":[
{"type":"ATIS","freq":128.1,"desc":"ATIS"},
{"type":"GND","freq":121.7,"desc":"GND"},
{"type":"TWR","freq":118,"desc":"TWR"},
{"type":"APP","freq":119,"desc":"APP/DEP"}
]
}
