{"success":true,"source":"xp2cvs.pl","last_updated":"2013/03/06 18:03:30 UTC"
,"icao":"BKPR","name":"Pristina Intl","lat":42.5799326533333,"lon":21.031557975,"rwys":1,"ils":1
,"runways":[
{"len_m":2488,"wid_m":45.11,"hdg":175,"surf":"Asphalt","rwy1":"17","lat1":42.58570004,"lon1":021.03454647,"rwy2":"35","lat2":42.56336104,"lon2":021.03682306}
]
,"helipads":[
{"rwy1":"H1","len_m":49,"wid_m":49.99,"hdg":21,"surf":"Concrete","lat1":021.03165924,"lon1":021.03454647},
{"rwy1":"H2","len_m":49,"wid_m":49.99,"hdg":21,"surf":"Concrete","lat1":021.02732992,"lon1":021.03454647}
]
,"radios":[
{"type":"GND","freq":118,"desc":"GND"},
{"type":"TWR","freq":122.1,"desc":"TWR"},
{"type":"APP","freq":118.77,"desc":"APP"}
]
}
