{"success":true,"source":"xp2cvs.pl","last_updated":"2013/03/06 18:03:30 UTC"
,"icao":"CYAM","name":"Sault Ste Marie","lat":46.484317875,"lon":-84.508282415,"rwys":2,"ils":1
,"runways":[
{"len_m":1831,"wid_m":60.96,"hdg":32,"surf":"Asphalt","rwy1":"04","lat1":46.47819113,"lon1":-084.51333230,"rwy2":"22","lat2":46.49202856,"lon2":-084.50038088},
{"len_m":1834,"wid_m":60.96,"hdg":107,"surf":"Asphalt","rwy1":"12","lat1":46.48605363,"lon1":-084.52108134,"rwy2":"30","lat2":46.48099818,"lon2":-084.49833514}
]
,"radios":[
{"type":"ATIS","freq":133.05,"desc":"ATIS"},
{"type":"GND","freq":121.7,"desc":"GND"},
{"type":"TWR","freq":118.8,"desc":"TWR"}
]
}
