{"success":true,"source":"xp2cvs.pl","last_updated":"2013/03/06 18:03:30 UTC"
,"icao":"CYBL","name":"Campbell River","lat":49.9511821666667,"lon":-125.269781166667,"rwys":1,"ils":2
,"runways":[
{"len_m":1533,"wid_m":46.02,"hdg":135,"surf":"Asphalt","rwy1":"11","lat1":49.95555600,"lon1":-125.27833900,"rwy2":"29","lat2":49.94578700,"lon2":-125.26326600}
]
,"helipads":[
{"rwy1":"H1","len_m":21,"wid_m":22.86,"hdg":-125,"surf":"Concrete","lat1":-125.26793800,"lon1":-125.27833900},
{"rwy1":"H2","len_m":14,"wid_m":14.94,"hdg":-125,"surf":"Concrete","lat1":-125.27060300,"lon1":-125.27833900}
]
,"radios":[
{"type":"ATIS","freq":128.55,"desc":"ATIS"},
{"type":"CTAF","freq":122,"desc":"CTAF"},
{"type":"TWR","freq":122,"desc":"MF CAMPBELL RDO"},
{"type":"APP","freq":123.7,"desc":"COMOX TRML ARR/DEP"}
]
}
