{"success":true,"source":"xp2cvs.pl","last_updated":"2013/03/06 18:03:30 UTC"
,"icao":"CYBR","name":"Brandon Muni","lat":49.9092828333333,"lon":-99.9495163333333,"rwys":3,"ils":1
,"runways":[
{"len_m":1981,"wid_m":45.72,"hdg":88,"surf":"Asphalt","rwy1":"08","lat1":49.90710600,"lon1":-099.96591700,"rwy2":"26","lat2":49.90750000,"lon2":-099.93834200},
{"len_m":914,"wid_m":18.29,"hdg":148,"surf":"Gravel","rwy1":"14","lat1":49.91353300,"lon1":-099.94888300,"rwy2":"32","lat2":49.90652200,"lon2":-099.94223300},
{"len_m":829,"wid_m":30.48,"hdg":20,"surf":"Asphalt","rwy1":"02","lat1":49.90702500,"lon1":-099.95288100,"rwy2":"20","lat2":49.91401100,"lon2":-099.94884200}
]
,"radios":[
{"type":"TWR","freq":122.1,"desc":"MF"}
]
}
