{"success":true,"source":"xp2cvs.pl","last_updated":"2013/03/06 18:03:30 UTC"
,"icao":"CYDF","name":"Deer Lake","lat":49.2093797333333,"lon":-57.3968234833333,"rwys":1,"ils":1
,"runways":[
{"len_m":1827,"wid_m":46.02,"hdg":46,"surf":"Asphalt","rwy1":"07","lat1":49.20533352,"lon1":-057.40033150,"rwy2":"25","lat2":49.21666648,"lon2":-057.38216000}
]
,"helipads":[
{"rwy1":"H1","len_m":17,"wid_m":22.86,"hdg":-57,"surf":"Asphalt","lat1":-057.39969964,"lon1":-057.40033150},
{"rwy1":"H2","len_m":17,"wid_m":22.86,"hdg":-57,"surf":"Asphalt","lat1":-057.39952506,"lon1":-057.40033150}
]
,"radios":[
{"type":"CTAF","freq":122.2,"desc":"MF"}
]
}
