{"success":true,"source":"xp2cvs.pl","last_updated":"2013/03/06 18:03:30 UTC"
,"icao":"CYEG","name":"Edmonton Intl","lat":53.3098823875,"lon":-113.5801310725,"rwys":2,"ils":3
,"runways":[
{"len_m":3117,"wid_m":60.96,"hdg":135,"surf":"Asphalt","rwy1":"12","lat1":53.30773100,"lon1":-113.59527712,"rwy2":"30","lat2":53.28787929,"lon2":-113.56228939},
{"len_m":3360,"wid_m":60.96,"hdg":35,"surf":"Asphalt","rwy1":"02","lat1":53.30966229,"lon1":-113.59610959,"rwy2":"20","lat2":53.33425697,"lon2":-113.56684819}
]
}
