{"success":true,"source":"xp2cvs.pl","last_updated":"2013/03/06 18:03:30 UTC"
,"icao":"CYFC","name":"Fredericton","lat":45.86989504875,"lon":-66.5317269975,"rwys":2,"ils":2
,"runways":[
{"len_m":2408,"wid_m":60.96,"hdg":69,"surf":"Asphalt","rwy1":"09","lat1":45.86297635,"lon1":-066.55100056,"rwy2":"27","lat2":45.87041626,"lon2":-066.52187326},
{"len_m":1799,"wid_m":60.96,"hdg":130,"surf":"Asphalt","rwy1":"15","lat1":45.87456739,"lon1":-066.53894736,"rwy2":"33","lat2":45.86409269,"lon2":-066.52127144}
]
,"helipads":[
{"rwy1":"H1","len_m":20,"wid_m":17.98,"hdg":-66,"surf":"Concrete","lat1":-066.53027823,"lon1":-066.53894736},
{"rwy1":"H2","len_m":20,"wid_m":17.98,"hdg":-66,"surf":"Concrete","lat1":-066.53008345,"lon1":-066.53894736}
]
,"radios":[
{"type":"CTAF","freq":119,"desc":"MF"}
]
}
