{"success":true,"source":"xp2cvs.pl","last_updated":"2013/03/06 18:03:30 UTC"
,"icao":"CYGK","name":"Kingston","lat":44.223472,"lon":-76.5984,"rwys":2,"ils":1
,"runways":[
{"len_m":1516,"wid_m":30.48,"hdg":355,"surf":"Asphalt","rwy1":"01","lat1":44.21833300,"lon1":-076.60083100,"rwy2":"19","lat2":44.23194400,"lon2":-076.60221900},
{"len_m":1206,"wid_m":30.48,"hdg":54,"surf":"Asphalt","rwy1":"07","lat1":44.21861400,"lon1":-076.60138600,"rwy2":"25","lat2":44.22499700,"lon2":-076.58916400}
]
,"radios":[
{"type":"CTAF","freq":122.5,"desc":"CTAF"},
{"type":"TWR","freq":122.5,"desc":"MF"}
]
}
