{"success":true,"source":"xp2cvs.pl","last_updated":"2013/03/06 18:03:30 UTC"
,"icao":"CYHD","name":"Dryden Rgnl","lat":49.83020825,"lon":-92.74111025,"rwys":2,"ils":1
,"runways":[
{"len_m":1853,"wid_m":45.72,"hdg":113,"surf":"Asphalt","rwy1":"11","lat1":49.83500000,"lon1":-092.75555300,"rwy2":"29","lat2":49.82833300,"lon2":-092.73194400},
{"len_m":604,"wid_m":22.86,"hdg":55,"surf":"Dirt","rwy1":"05","lat1":49.82722200,"lon1":-092.74194400,"rwy2":"23","lat2":49.83027800,"lon2":-092.73500000}
]
,"radios":[
{"type":"TWR","freq":122.9,"desc":"MIN NATL RESOURCES"}
]
}
