{"success":true,"source":"xp2cvs.pl","last_updated":"2013/03/06 18:03:30 UTC"
,"icao":"CYHM","name":"John C Munro Hamilton Intl","lat":43.17427875,"lon":-79.93075025,"rwys":2,"ils":1
,"runways":[
{"len_m":3035,"wid_m":60.96,"hdg":107,"surf":"Asphalt","rwy1":"12","lat1":43.18055600,"lon1":-079.95305600,"rwy2":"30","lat2":43.17222200,"lon2":-079.91750000},
{"len_m":1831,"wid_m":45.72,"hdg":48,"surf":"Asphalt","rwy1":"06","lat1":43.16673100,"lon1":-079.93468900,"rwy2":"24","lat2":43.17760600,"lon2":-079.91775600}
]
,"radios":[
{"type":"ATIS","freq":128.1,"desc":"ATIS"},
{"type":"GND","freq":121.6,"desc":"GND"},
{"type":"TWR","freq":119.7,"desc":"TWR"},
{"type":"TWR","freq":125,"desc":"TWR"}
]
}
