{"success":true,"source":"xp2cvs.pl","last_updated":"2013/03/06 18:03:30 UTC"
,"icao":"CYHU","name":"St Hubert","lat":45.5142973333333,"lon":-73.4163513333333,"rwys":3,"ils":1
,"runways":[
{"len_m":2401,"wid_m":45.72,"hdg":47,"surf":"Asphalt","rwy1":"06L","lat1":45.50971781,"lon1":-073.42860652,"rwy2":"24R","lat2":45.52443819,"lon2":-073.40610948},
{"len_m":1181,"wid_m":30.48,"hdg":47,"surf":"Asphalt","rwy1":"06R","lat1":45.51147003,"lon1":-073.41597010,"rwy2":"24L","lat2":45.51868797,"lon2":-073.40486190},
{"len_m":851,"wid_m":45.72,"hdg":83,"surf":"Asphalt","rwy1":"10","lat1":45.51031932,"lon1":-073.42669619,"rwy2":"28","lat2":45.51115068,"lon2":-073.41586381}
]
,"radios":[
{"type":"ATIS","freq":124.9,"desc":"ATIS"},
{"type":"GND","freq":126.4,"desc":"GND"},
{"type":"TWR","freq":118.4,"desc":"TWR"}
]
}
