{"success":true,"source":"xp2cvs.pl","last_updated":"2013/03/06 18:03:30 UTC"
,"icao":"CYHZ","name":"Halifax Intl","lat":44.87578061125,"lon":-63.52065740875,"rwys":2,"ils":2
,"runways":[
{"len_m":2624,"wid_m":60.96,"hdg":35,"surf":"Asphalt","rwy1":"05","lat1":44.86901216,"lon1":-063.52460593,"rwy2":"23","lat2":44.88834488,"lon2":-063.50553002},
{"len_m":2310,"wid_m":60.96,"hdg":125,"surf":"Asphalt","rwy1":"14","lat1":44.89361724,"lon1":-063.51800392,"rwy2":"32","lat2":44.88165755,"lon2":-063.49407432}
]
,"helipads":[
{"rwy1":"H1","len_m":29,"wid_m":29.87,"hdg":-63,"surf":"Concrete","lat1":-063.53091080,"lon1":-063.51800392},
{"rwy1":"H2","len_m":29,"wid_m":29.87,"hdg":-63,"surf":"Concrete","lat1":-063.53061174,"lon1":-063.51800392}
]
,"radios":[
{"type":"ATIS","freq":121,"desc":"ATIS"},
{"type":"CLD","freq":123.95,"desc":"CLNC DEL"},
{"type":"GND","freq":121.9,"desc":"GND"},
{"type":"TWR","freq":118.4,"desc":"TWR"},
{"type":"APP","freq":118.7,"desc":"TRML"},
{"type":"APP","freq":119.2,"desc":"TRML"},
{"type":"APP","freq":128.55,"desc":"TRML"}
]
}
