{"success":true,"source":"xp2cvs.pl","last_updated":"2013/03/06 18:03:30 UTC"
,"icao":"CYOW","name":"Ottawa Macdonald Cartier Intl","lat":45.322817,"lon":-75.6714385,"rwys":3,"ils":2
,"runways":[
{"len_m":3045,"wid_m":60.96,"hdg":126,"surf":"Asphalt","rwy1":"14","lat1":45.32708900,"lon1":-075.68582200,"rwy2":"32","lat2":45.31084400,"lon2":-075.65454200},
{"len_m":2445,"wid_m":60.96,"hdg":57,"surf":"Asphalt","rwy1":"07","lat1":45.31333300,"lon1":-075.67099200,"rwy2":"25","lat2":45.32523600,"lon2":-075.64475800},
{"len_m":1006,"wid_m":22.86,"hdg":25,"surf":"Asphalt","rwy1":"04","lat1":45.32611400,"lon1":-075.68903100,"rwy2":"22","lat2":45.33428600,"lon2":-075.68348600}
]
,"radios":[
{"type":"ATIS","freq":121.15,"desc":"ATIS"},
{"type":"CLD","freq":119.4,"desc":"CLNC DEL"},
{"type":"GND","freq":121.9,"desc":"GND"},
{"type":"TWR","freq":120.1,"desc":"TWR"},
{"type":"APP","freq":135.15,"desc":"TRML"}
]
}
