{"success":true,"source":"xp2cvs.pl","last_updated":"2013/03/06 18:03:30 UTC"
,"icao":"CYPR","name":"Prince Rupert","lat":54.286114,"lon":-130.444717,"rwys":1,"ils":1
,"runways":[
{"len_m":1844,"wid_m":60.96,"hdg":150,"surf":"Asphalt","rwy1":"13","lat1":54.29333700,"lon1":-130.45165200,"rwy2":"31","lat2":54.27889100,"lon2":-130.43778200}
]
,"radios":[
{"type":"ATIS","freq":122.5,"desc":"PRINCE RUPERT FSS"},
{"type":"ATIS","freq":126.7,"desc":"PRINCE RUPERT FSS"},
{"type":"CTAF","freq":124.5,"desc":"CYPR CTAF"},
{"type":"TWR","freq":128,"desc":"VANCOUVER CNTR"}
]
}
