{"success":true,"source":"xp2cvs.pl","last_updated":"2013/03/06 18:03:30 UTC"
,"icao":"CYQB","name":"Quebec Jean Lesage Intl","lat":46.78945825,"lon":-71.392764,"rwys":2,"ils":1
,"runways":[
{"len_m":2752,"wid_m":45.72,"hdg":44,"surf":"Asphalt","rwy1":"06","lat1":46.78222200,"lon1":-071.40638900,"rwy2":"24","lat2":46.80000000,"lon2":-071.38130600},
{"len_m":1735,"wid_m":45.72,"hdg":97,"surf":"Asphalt","rwy1":"12","lat1":46.78883300,"lon1":-071.40294400,"rwy2":"30","lat2":46.78677800,"lon2":-071.38041700}
]
,"radios":[
{"type":"ATIS","freq":134.6,"desc":"ATIS"},
{"type":"GND","freq":121.9,"desc":"GND"},
{"type":"TWR","freq":120.3,"desc":"TWR"},
{"type":"TWR","freq":118.65,"desc":"TWR"},
{"type":"APP","freq":124,"desc":"TRML CON"},
{"type":"APP","freq":127.85,"desc":"TRML CON"}
]
}
