{"success":true,"source":"xp2cvs.pl","last_updated":"2013/03/06 18:03:30 UTC"
,"icao":"CYQG","name":"Windsor","lat":42.27469575,"lon":-82.95890275,"rwys":2,"ils":1
,"runways":[
{"len_m":2743,"wid_m":60.96,"hdg":62,"surf":"Asphalt","rwy1":"07","lat1":42.27333600,"lon1":-082.97055800,"rwy2":"25","lat2":42.28488900,"lon2":-082.94116400},
{"len_m":1575,"wid_m":46.02,"hdg":115,"surf":"Asphalt","rwy1":"12","lat1":42.27333600,"lon1":-082.97055800,"rwy2":"30","lat2":42.26722200,"lon2":-082.95333100}
]
,"radios":[
{"type":"GND","freq":121.7,"desc":"GND"},
{"type":"TWR","freq":124.7,"desc":"TWR"},
{"type":"APP","freq":126.85,"desc":"DETROIT APP/DEP"},
{"type":"APP","freq":134.3,"desc":"DETROIT APP/DEP"}
]
}
