{"success":true,"source":"xp2cvs.pl","last_updated":"2013/03/06 18:03:30 UTC"
,"icao":"CYQL","name":"Lethbridge","lat":49.6286805,"lon":-112.7971355,"rwys":2,"ils":1
,"runways":[
{"len_m":1959,"wid_m":60.96,"hdg":69,"surf":"Asphalt","rwy1":"05","lat1":49.62361100,"lon1":-112.81527800,"rwy2":"23","lat2":49.62972200,"lon2":-112.78984700},
{"len_m":1663,"wid_m":45.72,"hdg":139,"surf":"Asphalt","rwy1":"12","lat1":49.63638900,"lon1":-112.79916700,"rwy2":"30","lat2":49.62500000,"lon2":-112.78425000}
]
,"radios":[
{"type":"ATIS","freq":124.4,"desc":"ATIS"},
{"type":"TWR","freq":121,"desc":"MF"}
]
}
