{"success":true,"source":"xp2cvs.pl","last_updated":"2013/03/06 18:03:30 UTC"
,"icao":"CYQM","name":"Greater Moncton Intl","lat":46.10957046,"lon":-64.68293587,"rwys":2,"ils":2
,"runways":[
{"len_m":2447,"wid_m":60.96,"hdg":87,"surf":"Asphalt","rwy1":"11","lat1":46.10664553,"lon1":-064.69495023,"rwy2":"29","lat2":46.10760266,"lon2":-064.66332961},
{"len_m":1877,"wid_m":60.96,"hdg":42,"surf":"Asphalt","rwy1":"06","lat1":46.10579962,"lon1":-064.69495394,"rwy2":"24","lat2":46.11823403,"lon2":-064.67850970}
]
,"radios":[
{"type":"ATIS","freq":128.65,"desc":"ATIS"},
{"type":"GND","freq":121.8,"desc":"GND"},
{"type":"TWR","freq":120.8,"desc":"TWR"},
{"type":"APP","freq":124.4,"desc":"APP/DEP"}
]
}
