{"success":true,"source":"xp2cvs.pl","last_updated":"2013/03/06 18:03:30 UTC"
,"icao":"CYQT","name":"Thunder Bay","lat":48.3720354975,"lon":-89.325121815,"rwys":2,"ils":1
,"runways":[
{"len_m":1896,"wid_m":60.96,"hdg":70,"surf":"Asphalt","rwy1":"07","lat1":48.37018740,"lon1":-089.33364706,"rwy2":"25","lat2":48.37586994,"lon2":-089.30951710},
{"len_m":1620,"wid_m":60.96,"hdg":121,"surf":"Asphalt","rwy1":"12","lat1":48.37484871,"lon1":-089.33798349,"rwy2":"30","lat2":48.36723594,"lon2":-089.31933961}
]
,"radios":[
{"type":"ATIS","freq":128.8,"desc":"ATIS"},
{"type":"GND","freq":121.9,"desc":"GND"},
{"type":"TWR","freq":118.1,"desc":"TWR"},
{"type":"APP","freq":119.2,"desc":"APP/DEP"}
]
}
