{"success":true,"source":"xp2cvs.pl","last_updated":"2013/03/06 18:03:30 UTC"
,"icao":"CYQU","name":"Grande Prairie","lat":55.1821525,"lon":-118.88595475,"rwys":2,"ils":1
,"runways":[
{"len_m":1981,"wid_m":60.96,"hdg":134,"surf":"Asphalt","rwy1":"12","lat1":55.18611100,"lon1":-118.89798600,"rwy2":"30","lat2":55.17361100,"lon2":-118.87583300},
{"len_m":1911,"wid_m":60.96,"hdg":89,"surf":"Asphalt","rwy1":"07","lat1":55.18444400,"lon1":-118.90000000,"rwy2":"25","lat2":55.18444400,"lon2":-118.87000000}
]
,"radios":[
{"type":"ATIS","freq":128.6,"desc":"ATIS"},
{"type":"TWR","freq":118.1,"desc":"MF GRAND PRAIRIE RDO"}
]
}
