{"success":true,"source":"xp2cvs.pl","last_updated":"2013/03/06 18:03:30 UTC"
,"icao":"CYQY","name":"Sydney","lat":46.160915215,"lon":-60.045266635,"rwys":2,"ils":2
,"runways":[
{"len_m":2159,"wid_m":60.96,"hdg":45,"surf":"Asphalt","rwy1":"07","lat1":46.15373926,"lon1":-060.06119010,"rwy2":"25","lat2":46.16723274,"lon2":-060.04108049},
{"len_m":1829,"wid_m":46.02,"hdg":345,"surf":"Asphalt","rwy1":"01","lat1":46.15338518,"lon1":-060.03638126,"rwy2":"19","lat2":46.16930368,"lon2":-060.04241469}
]
}
