{"success":true,"source":"xp2cvs.pl","last_updated":"2013/03/06 18:03:30 UTC"
,"icao":"CYSB","name":"Sudbury","lat":46.62632025,"lon":-80.7981945,"rwys":2,"ils":1
,"runways":[
{"len_m":2003,"wid_m":60.96,"hdg":28,"surf":"Asphalt","rwy1":"04","lat1":46.61750000,"lon1":-080.80472500,"rwy2":"22","lat2":46.63333600,"lon2":-080.79222200},
{"len_m":1530,"wid_m":45.72,"hdg":106,"surf":"Asphalt","rwy1":"12","lat1":46.62916700,"lon1":-080.80750000,"rwy2":"30","lat2":46.62527800,"lon2":-080.78833100}
]
,"radios":[
{"type":"ATIS","freq":127.4,"desc":"ATIS"},
{"type":"GND","freq":121.8,"desc":"GND"},
{"type":"TWR","freq":125.5,"desc":"MF"},
{"type":"TWR","freq":125.5,"desc":"TWR"}
]
}
