{"success":true,"source":"xp2cvs.pl","last_updated":"2013/03/06 18:03:30 UTC"
,"icao":"CYSJ","name":"Saint John","lat":45.3186069225,"lon":-65.88948522,"rwys":2,"ils":2
,"runways":[
{"len_m":2135,"wid_m":60.96,"hdg":30,"surf":"Asphalt","rwy1":"05","lat1":45.30252868,"lon1":-065.89484477,"rwy2":"23","lat2":45.31900284,"lon2":-065.88082036},
{"len_m":1557,"wid_m":60.96,"hdg":120,"surf":"Asphalt","rwy1":"14","lat1":45.33004907,"lon1":-065.89966201,"rwy2":"32","lat2":45.32284710,"lon2":-065.88261374}
]
,"radios":[
{"type":"TWR","freq":118.5,"desc":"MF"}
]
}
