{"success":true,"source":"xp2cvs.pl","last_updated":"2013/03/06 18:03:30 UTC"
,"icao":"CYTS","name":"Timmins","lat":48.5701395,"lon":-81.375487,"rwys":2,"ils":1
,"runways":[
{"len_m":1821,"wid_m":45.72,"hdg":21,"surf":"Asphalt","rwy1":"03","lat1":48.56305800,"lon1":-081.37889200,"rwy2":"21","lat2":48.57833600,"lon2":-081.37000300},
{"len_m":1496,"wid_m":45.72,"hdg":91,"surf":"Asphalt","rwy1":"10","lat1":48.56972200,"lon1":-081.38666400,"rwy2":"28","lat2":48.56944200,"lon2":-081.36638900}
]
,"radios":[
{"type":"ATIS","freq":124.95,"desc":"ATIS"},
{"type":"TWR","freq":122.3,"desc":"MF"}
]
}
