{"success":true,"source":"xp2cvs.pl","last_updated":"2013/03/06 18:03:30 UTC"
,"icao":"CYTZ","name":"Toronto City Centre","lat":43.628096525,"lon":-79.3956651966667,"rwys":3,"ils":1
,"runways":[
{"len_m":1224,"wid_m":46.02,"hdg":71,"surf":"Asphalt","rwy1":"08","lat1":43.62746528,"lon1":-079.40336361,"rwy2":"26","lat2":43.63099780,"lon2":-079.38898663},
{"len_m":879,"wid_m":46.02,"hdg":50,"surf":"Asphalt","rwy1":"06","lat1":43.62584265,"lon1":-079.39755589,"rwy2":"24","lat2":43.63093039,"lon2":-079.38920697},
{"len_m":851,"wid_m":46.02,"hdg":140,"surf":"Asphalt","rwy1":"15","lat1":43.62960910,"lon1":-079.40082845,"rwy2":"33","lat2":43.62373393,"lon2":-079.39404963}
]
,"radios":[
{"type":"ATIS","freq":133.6,"desc":"ATIS"},
{"type":"CTAF","freq":118.2,"desc":"CTAF"},
{"type":"GND","freq":121.7,"desc":"GND"},
{"type":"TWR","freq":118.2,"desc":"TWR"},
{"type":"TWR","freq":119.2,"desc":"TWR"},
{"type":"APP","freq":133.4,"desc":"TRML APP"},
{"type":"DEP","freq":133.4,"desc":"TRML DEP"}
]
}
