{"success":true,"source":"xp2cvs.pl","last_updated":"2013/03/06 18:03:30 UTC"
,"icao":"CYWG","name":"Winnipeg Intl","lat":49.907223,"lon":-97.238819,"rwys":2,"ils":3
,"runways":[
{"len_m":3349,"wid_m":60.96,"hdg":189,"surf":"Asphalt","rwy1":"18","lat1":49.92527800,"lon1":-097.23416900,"rwy2":"36","lat2":49.89555800,"lon2":-097.24166900},
{"len_m":2648,"wid_m":60.96,"hdg":137,"surf":"Asphalt","rwy1":"13","lat1":49.91277800,"lon1":-097.25221900,"rwy2":"31","lat2":49.89527800,"lon2":-097.22721900}
]
,"radios":[
{"type":"ATIS","freq":120.2,"desc":"ATIS"},
{"type":"CLD","freq":121.3,"desc":"CLNC DEL"},
{"type":"GND","freq":121.9,"desc":"GND"},
{"type":"TWR","freq":126.9,"desc":"INTL AIR"},
{"type":"TWR","freq":118.3,"desc":"TWR"},
{"type":"TWR","freq":125.4,"desc":"TWR"},
{"type":"APP","freq":119.5,"desc":"ARR"},
{"type":"DEP","freq":119.9,"desc":"DEP"}
]
}
