{"success":true,"source":"xp2cvs.pl","last_updated":"2013/03/06 18:03:30 UTC"
,"icao":"CYXE","name":"Saskatoon J G Diefenbaker Intl","lat":52.172679945,"lon":-106.695577171667,"rwys":2,"ils":1
,"runways":[
{"len_m":2528,"wid_m":46.02,"hdg":100,"surf":"Asphalt","rwy1":"09","lat1":52.17852194,"lon1":-106.71808950,"rwy2":"27","lat2":52.17418483,"lon2":-106.68181292},
{"len_m":1891,"wid_m":46.02,"hdg":161,"surf":"Asphalt","rwy1":"15","lat1":52.17898468,"lon1":-106.70569157,"rwy2":"33","lat2":52.16290854,"lon2":-106.69670748}
]
,"helipads":[
{"rwy1":"H1","len_m":7,"wid_m":7.01,"hdg":-106,"surf":"Asphalt","lat1":-106.68558078,"lon1":-106.70569157}
]
,"radios":[
{"type":"ATIS","freq":128.4,"desc":"ATIS"},
{"type":"GND","freq":121.9,"desc":"GND"},
{"type":"TWR","freq":118.3,"desc":"TWR"},
{"type":"APP","freq":119.9,"desc":"APP/DEP"}
]
}
