{"success":true,"source":"xp2cvs.pl","last_updated":"2013/03/06 18:03:30 UTC"
,"icao":"CYXJ","name":"Fort St John","lat":56.23842375,"lon":-120.739988,"rwys":2,"ils":1
,"runways":[
{"len_m":2072,"wid_m":45.72,"hdg":135,"surf":"Asphalt","rwy1":"11","lat1":56.24500000,"lon1":-120.75333300,"rwy2":"29","lat2":56.23166700,"lon2":-120.73000000},
{"len_m":2042,"wid_m":60.96,"hdg":44,"surf":"Asphalt","rwy1":"02","lat1":56.23202800,"lon1":-120.74995000,"rwy2":"20","lat2":56.24500000,"lon2":-120.72666900}
]
,"radios":[
{"type":"ATIS","freq":128.5,"desc":"ATIS"},
{"type":"TWR","freq":118.5,"desc":"MF ST JOHN RDO"}
]
}
