{"success":true,"source":"xp2cvs.pl","last_updated":"2013/03/06 18:03:30 UTC"
,"icao":"CYXT","name":"Terrace","lat":54.465828,"lon":-128.58226,"rwys":2,"ils":1
,"runways":[
{"len_m":2284,"wid_m":46.02,"hdg":171,"surf":"Asphalt","rwy1":"15","lat1":54.47870900,"lon1":-128.59042000,"rwy2":"33","lat2":54.45838700,"lon2":-128.58545200},
{"len_m":1634,"wid_m":46.02,"hdg":51,"surf":"Asphalt","rwy1":"03","lat1":54.45852900,"lon1":-128.58643600,"rwy2":"21","lat2":54.46768700,"lon2":-128.56673200}
]
,"radios":[
{"type":"TWR","freq":122,"desc":"MANDATORY FREQ RDO"}
]
}
