{"success":true,"source":"xp2cvs.pl","last_updated":"2013/03/06 18:03:30 UTC"
,"icao":"CYXU","name":"London","lat":43.03634616,"lon":-81.15066094,"rwys":2,"ils":1
,"runways":[
{"len_m":2682,"wid_m":60.96,"hdg":138,"surf":"Asphalt","rwy1":"15","lat1":43.04211093,"lon1":-081.15980470,"rwy2":"33","lat2":43.02397407,"lon2":-081.13808311},
{"len_m":1920,"wid_m":60.96,"hdg":79,"surf":"Asphalt","rwy1":"09","lat1":43.03800615,"lon1":-081.16394751,"rwy2":"27","lat2":43.04129349,"lon2":-081.14080844}
]
,"radios":[
{"type":"ATIS","freq":127.8,"desc":"ATIS"},
{"type":"GND","freq":121.9,"desc":"GND"},
{"type":"TWR","freq":119.4,"desc":"TWR"}
]
}
