{"success":true,"source":"xp2cvs.pl","last_updated":"2013/03/06 18:03:30 UTC"
,"icao":"CYXX","name":"Abbotsford","lat":49.0251590225,"lon":-122.37030682625,"rwys":3,"ils":1
,"runways":[
{"len_m":2926,"wid_m":60.96,"hdg":85,"surf":"Asphalt","rwy1":"07","lat1":49.01911500,"lon1":-122.37996700,"rwy2":"25","lat2":49.02104800,"lon2":-122.34005800},
{"len_m":1604,"wid_m":60.96,"hdg":25,"surf":"Asphalt","rwy1":"01","lat1":49.01877000,"lon1":-122.37871800,"rwy2":"19","lat2":49.03176400,"lon2":-122.36917600},
{"len_m":451,"wid_m":28.96,"hdg":25,"surf":"Turf/grass","rwy1":"01L","lat1":49.02608640,"lon1":-122.37408779,"rwy2":"19R","lat2":49.02976278,"lon2":-122.37147182}
]
,"helipads":[
{"rwy1":"H1","len_m":14,"wid_m":14.94,"hdg":-122,"surf":"Asphalt","lat1":-122.37448800,"lon1":-122.37408779}
]
,"radios":[
{"type":"ATIS","freq":119.4,"desc":"ABBOTSFORD FSS"},
{"type":"ATIS","freq":122.5,"desc":"ABBOTSFORD FSS"},
{"type":"ATIS","freq":126.7,"desc":"ABBOTSFORD FSS"},
{"type":"ATIS","freq":119.8,"desc":"CYXX ATIS"},
{"type":"GND","freq":121.8,"desc":"ABBOTSFORD GND"},
{"type":"TWR","freq":119.4,"desc":"ABBOTSFORD TWR"},
{"type":"TWR","freq":121,"desc":"ABBOTSFORD TWR"},
{"type":"APP","freq":132.69,"desc":"VICTORIA APP"}
]
}
