{"success":true,"source":"xp2cvs.pl","last_updated":"2013/03/06 18:03:30 UTC"
,"icao":"CYYB","name":"North Bay Jack Garland","lat":46.3612066225,"lon":-79.4283464333333,"rwys":3,"ils":1
,"runways":[
{"len_m":3058,"wid_m":60.96,"hdg":65,"surf":"Asphalt","rwy1":"08","lat1":46.35732340,"lon1":-079.44227853,"rwy2":"26","lat2":46.36879860,"lon2":-079.40616247},
{"len_m":1369,"wid_m":46.02,"hdg":167,"surf":"Asphalt","rwy1":"18","lat1":46.37003584,"lon1":-079.42696424,"rwy2":"36","lat2":46.35801799,"lon2":-079.42302491},
{"len_m":764,"wid_m":22.86,"hdg":115,"surf":"Turf/grass","rwy1":"13","lat1":46.36966644,"lon1":-079.42504681,"rwy2":"31","lat2":46.36668714,"lon2":-079.41609578}
]
,"helipads":[
{"rwy1":"H1","len_m":18,"wid_m":18.90,"hdg":-79,"surf":"Concrete","lat1":-079.42954639,"lon1":-079.42504681},
{"rwy1":"H2","len_m":18,"wid_m":18.90,"hdg":-79,"surf":"Concrete","lat1":-079.43551863,"lon1":-079.42504681},
{"rwy1":"H3","len_m":18,"wid_m":18.90,"hdg":-79,"surf":"Concrete","lat1":-079.43522721,"lon1":-079.42504681}
]
,"radios":[
{"type":"ATIS","freq":124.9,"desc":"ATIS"},
{"type":"CTAF","freq":126.7,"desc":"RCO (London)"},
{"type":"GND","freq":122.95,"desc":"Shell Jet A - 100LL"},
{"type":"GND","freq":131.75,"desc":"Esso Jet A"},
{"type":"TWR","freq":118.3,"desc":"Tower"},
{"type":"DEP","freq":127.25,"desc":"PALToronto Ctr"}
]
}
