{"success":true,"source":"xp2cvs.pl","last_updated":"2013/03/06 18:03:30 UTC"
,"icao":"CYYG","name":"Charlottetown","lat":46.292586005,"lon":-63.122276095,"rwys":2,"ils":1
,"runways":[
{"len_m":2134,"wid_m":46.02,"hdg":9,"surf":"Asphalt","rwy1":"03","lat1":46.28003494,"lon1":-063.12751553,"rwy2":"21","lat2":46.29899906,"lon2":-063.12316554},
{"len_m":1529,"wid_m":60.96,"hdg":78,"surf":"Asphalt","rwy1":"10","lat1":46.29433131,"lon1":-063.12894977,"rwy2":"28","lat2":46.29697871,"lon2":-063.10947354}
]
,"radios":[
{"type":"TWR","freq":122.1,"desc":"MF"}
]
}
