{"success":true,"source":"xp2cvs.pl","last_updated":"2013/03/06 18:03:30 UTC"
,"icao":"CYYJ","name":"Victoria Intl","lat":48.6473315,"lon":-123.426547333333,"rwys":3,"ils":2
,"runways":[
{"len_m":2133,"wid_m":60.96,"hdg":105,"surf":"Asphalt","rwy1":"09","lat1":48.65103600,"lon1":-123.43972200,"rwy2":"27","lat2":48.64601100,"lon2":-123.41177800},
{"len_m":1567,"wid_m":60.96,"hdg":44,"surf":"Asphalt","rwy1":"02","lat1":48.64194400,"lon1":-123.43361100,"rwy2":"20","lat2":48.65194200,"lon2":-123.41861100},
{"len_m":1518,"wid_m":60.96,"hdg":150,"surf":"Asphalt","rwy1":"13","lat1":48.65250000,"lon1":-123.43278100,"rwy2":"31","lat2":48.64055600,"lon2":-123.42278100}
]
,"radios":[
{"type":"ATIS","freq":118.8,"desc":"ATIS"},
{"type":"CTAF","freq":119.7,"desc":"CTAF"},
{"type":"CLD","freq":126.4,"desc":"CLNC DEL"},
{"type":"GND","freq":121.9,"desc":"GND"},
{"type":"TWR","freq":119.7,"desc":"TWR"},
{"type":"APP","freq":133.85,"desc":"APP/DEP"}
]
}
