{"success":true,"source":"xp2cvs.pl","last_updated":"2013/03/06 18:03:30 UTC"
,"icao":"CYYT","name":"St Johns Intl","lat":47.6145294578571,"lon":-52.74414701,"rwys":3,"ils":3
,"runways":[
{"len_m":2138,"wid_m":60.96,"hdg":139,"surf":"Asphalt","rwy1":"16","lat1":47.62554440,"lon1":-052.75346218,"rwy2":"34","lat2":47.61099854,"lon2":-052.73484947},
{"len_m":2600,"wid_m":60.96,"hdg":85,"surf":"Asphalt","rwy1":"11","lat1":47.62332450,"lon1":-052.77325250,"rwy2":"29","lat2":47.62499449,"lon2":-052.73874024},
{"len_m":1481,"wid_m":29.87,"hdg":356,"surf":"Asphalt","rwy1":"02","lat1":47.61131715,"lon1":-052.73968066,"rwy2":"20","lat2":47.62461333,"lon2":-052.74098921}
]
,"helipads":[
{"rwy1":"H1","len_m":20,"wid_m":20.12,"hdg":-52,"surf":"Asphalt","lat1":-052.74256169,"lon1":-052.73968066},
{"rwy1":"H2","len_m":20,"wid_m":20.12,"hdg":-52,"surf":"Asphalt","lat1":-052.74219310,"lon1":-052.73968066},
{"rwy1":"H3","len_m":20,"wid_m":20.12,"hdg":-52,"surf":"Asphalt","lat1":-052.74183814,"lon1":-052.73968066},
{"rwy1":"H4","len_m":20,"wid_m":20.12,"hdg":-52,"surf":"Concrete","lat1":-052.74194901,"lon1":-052.73968066}
]
,"radios":[
{"type":"ATIS","freq":128,"desc":"ATIS"},
{"type":"GND","freq":121.9,"desc":"GND"},
{"type":"TWR","freq":120.6,"desc":"TWR"}
]
}
