{"success":true,"source":"xp2cvs.pl","last_updated":"2013/03/06 18:03:30 UTC"
,"icao":"CYYZ","name":"Toronto Lester B Pearson Intl","lat":43.676134,"lon":-79.6276706,"rwys":5,"ils":10
,"runways":[
{"len_m":3025,"wid_m":60.96,"hdg":46,"surf":"Asphalt","rwy1":"06L","lat1":43.66073300,"lon1":-079.62394400,"rwy2":"24R","lat2":43.67946500,"lon2":-079.59671000},
{"len_m":3382,"wid_m":60.96,"hdg":46,"surf":"Asphalt","rwy1":"05","lat1":43.67417400,"lon1":-079.66411000,"rwy2":"23","lat2":43.69518200,"lon2":-079.63375000},
{"len_m":3339,"wid_m":60.96,"hdg":136,"surf":"Asphalt","rwy1":"15L","lat1":43.69287200,"lon1":-079.64313200,"rwy2":"33R","lat2":43.67096200,"lon2":-079.61477800},
{"len_m":2770,"wid_m":60.96,"hdg":137,"surf":"Asphalt","rwy1":"15R","lat1":43.68610900,"lon1":-079.65250400,"rwy2":"33L","lat2":43.66767100,"lon2":-079.62938000},
{"len_m":2745,"wid_m":60.96,"hdg":46,"surf":"Asphalt","rwy1":"06R","lat1":43.65858500,"lon1":-079.62154800,"rwy2":"24L","lat2":43.67558700,"lon2":-079.59685000}
]
,"radios":[
{"type":"ATIS","freq":126.7,"desc":"TORONTO FSS"},
{"type":"ATIS","freq":119.3,"desc":"TORONTO FSS"},
{"type":"ATIS","freq":133.4,"desc":"TORONTO FSS"},
{"type":"ATIS","freq":120.82,"desc":"CYYZ ATIS"},
{"type":"CLD","freq":121.3,"desc":"TORONTO CLD"},
{"type":"GND","freq":118,"desc":"TORONTO GND"},
{"type":"GND","freq":121.65,"desc":"TORONTO GND"},
{"type":"GND","freq":121.9,"desc":"TORONTO GND"},
{"type":"TWR","freq":118.35,"desc":"TORONTO TWR"},
{"type":"TWR","freq":118.7,"desc":"TORONTO TWR"},
{"type":"APP","freq":124.47,"desc":"TORONTO APP"},
{"type":"APP","freq":132.8,"desc":"TORONTO APP"},
{"type":"APP","freq":119.3,"desc":"TORONTO APP"},
{"type":"APP","freq":128.27,"desc":"TORONTO APP"},
{"type":"APP","freq":133.4,"desc":"TORONTO APP"},
{"type":"DEP","freq":127.57,"desc":"TORONTO DEP"},
{"type":"DEP","freq":128.8,"desc":"TORONTO DEP"}
]
}
