{"success":true,"source":"xp2cvs.pl","last_updated":"2013/03/06 18:03:30 UTC"
,"icao":"CYZF","name":"Yellowknife","lat":62.4656665,"lon":-114.44141675,"rwys":2,"ils":1
,"runways":[
{"len_m":2272,"wid_m":45.72,"hdg":175,"surf":"Asphalt","rwy1":"15","lat1":62.47316700,"lon1":-114.44400000,"rwy2":"33","lat2":62.45283300,"lon2":-114.44066700},
{"len_m":1498,"wid_m":45.72,"hdg":116,"surf":"Asphalt","rwy1":"09","lat1":62.47133300,"lon1":-114.45350000,"rwy2":"27","lat2":62.46533300,"lon2":-114.42750000}
]
,"radios":[
{"type":"ATIS","freq":128.4,"desc":"ATIS"},
{"type":"GND","freq":121.9,"desc":"GND"},
{"type":"TWR","freq":118.5,"desc":"MF"},
{"type":"TWR","freq":118.5,"desc":"TWR"}
]
}
