{"success":true,"source":"xp2cvs.pl","last_updated":"2013/03/06 18:03:30 UTC"
,"icao":"CYZR","name":"Sarnia - Chris Hadfield","lat":42.9993055,"lon":-82.307848,"rwys":2,"ils":1
,"runways":[
{"len_m":1561,"wid_m":30.48,"hdg":136,"surf":"Asphalt","rwy1":"14","lat1":43.00444400,"lon1":-082.31527800,"rwy2":"32","lat2":42.99416700,"lon2":-082.30222200},
{"len_m":897,"wid_m":22.86,"hdg":49,"surf":"Asphalt","rwy1":"05","lat1":42.99666700,"lon1":-082.31111100,"rwy2":"23","lat2":43.00194400,"lon2":-082.30278100}
]
,"radios":[
{"type":"ATIS","freq":118.37,"desc":"AWOS"},
{"type":"CTAF","freq":123,"desc":"CTAF"}
]
}
