{"success":true,"source":"xp2cvs.pl","last_updated":"2013/03/06 18:03:30 UTC"
,"icao":"CYZX","name":"Greenwood","lat":44.98364893375,"lon":-64.91545275875,"rwys":2,"ils":1
,"runways":[
{"len_m":2454,"wid_m":60.05,"hdg":105,"surf":"Asphalt","rwy1":"12","lat1":44.98358825,"lon1":-064.93172299,"rwy2":"30","lat2":44.97779187,"lon2":-064.90168794},
{"len_m":2462,"wid_m":60.05,"hdg":64,"surf":"Asphalt","rwy1":"08","lat1":44.98161850,"lon1":-064.93209300,"rwy2":"26","lat2":44.99112989,"lon2":-064.90389300}
]
,"helipads":[
{"rwy1":"H1","len_m":34,"wid_m":32.92,"hdg":-64,"surf":"Asphalt","lat1":-064.91417233,"lon1":-064.93209300},
{"rwy1":"H2","len_m":35,"wid_m":35.05,"hdg":-64,"surf":"Asphalt","lat1":-064.91294024,"lon1":-064.93209300}
]
,"radios":[
{"type":"ATIS","freq":128.85,"desc":"ATIS"},
{"type":"CLD","freq":128.02,"desc":"CLNC DEL"},
{"type":"GND","freq":133.75,"desc":"GND"},
{"type":"TWR","freq":119.5,"desc":"TWR"},
{"type":"DEP","freq":120.6,"desc":"DEP"}
]
}
