{"success":true,"source":"xp2cvs.pl","last_updated":"2013/03/06 18:03:30 UTC"
,"icao":"DAAG","name":"Alger Houari Boumediene","lat":36.697521,"lon":3.21307925,"rwys":2,"ils":2
,"runways":[
{"len_m":3494,"wid_m":60.05,"hdg":52,"surf":"Asphalt","rwy1":"05","lat1":36.69391700,"lon1":003.22016700,"rwy2":"23","lat2":36.71286700,"lon2":003.25140000},
{"len_m":3494,"wid_m":45.11,"hdg":91,"surf":"Asphalt","rwy1":"09","lat1":36.69213300,"lon1":003.17083300,"rwy2":"27","lat2":36.69116700,"lon2":003.20991700}
]
,"radios":[
{"type":"GND","freq":121.8,"desc":"ALGER GND"},
{"type":"TWR","freq":118.7,"desc":"ALGER TWR"},
{"type":"TWR","freq":119.7,"desc":"ALGER TWR"},
{"type":"APP","freq":121.4,"desc":"ALGER APP"},
{"type":"APP","freq":119.7,"desc":"ALGER APP"}
]
}
