{"success":true,"source":"xp2cvs.pl","last_updated":"2013/03/06 18:03:30 UTC"
,"icao":"DABB","name":"Annaba","lat":36.82932575,"lon":7.8137465,"rwys":2,"ils":1
,"runways":[
{"len_m":2993,"wid_m":45.11,"hdg":6,"surf":"Asphalt","rwy1":"01","lat1":36.81830600,"lon1":007.80869700,"rwy2":"19","lat2":36.84508300,"lon2":007.81273900},
{"len_m":2277,"wid_m":45.11,"hdg":51,"surf":"Asphalt","rwy1":"05","lat1":36.82061100,"lon1":007.80674700,"rwy2":"23","lat2":36.83330300,"lon2":007.82680300}
]
,"radios":[
{"type":"TWR","freq":118.7,"desc":"TWR"},
{"type":"TWR","freq":119.7,"desc":"TWR"},
{"type":"APP","freq":119,"desc":"APP"}
]
}
