{"success":true,"source":"xp2cvs.pl","last_updated":"2013/03/06 18:03:30 UTC"
,"icao":"DABC","name":"Mohamed Boudiaf Intl","lat":36.27604175,"lon":6.62027775,"rwys":2,"ils":1
,"runways":[
{"len_m":3003,"wid_m":45.11,"hdg":159,"surf":"Asphalt","rwy1":"16","lat1":36.28805600,"lon1":006.61055600,"rwy2":"34","lat2":36.26277800,"lon2":006.62250000},
{"len_m":2403,"wid_m":45.11,"hdg":135,"surf":"Asphalt","rwy1":"14","lat1":36.28444400,"lon1":006.61472200,"rwy2":"32","lat2":36.26888900,"lon2":006.63333300}
]
,"radios":[
{"type":"TWR","freq":118.3,"desc":"CONSTANTINE TWR"},
{"type":"TWR","freq":119.7,"desc":"CONSTANTINE TWR"},
{"type":"APP","freq":120.1,"desc":"CONSTANTINE APP"},
{"type":"APP","freq":119.7,"desc":"CONSTANTINE APP"}
]
}
