{"success":true,"source":"xp2cvs.pl","last_updated":"2013/03/06 18:03:30 UTC"
,"icao":"DFFD","name":"Ouagadougou","lat":12.352189,"lon":-1.5116055,"rwys":2,"ils":1
,"runways":[
{"len_m":3027,"wid_m":45.11,"hdg":33,"surf":"Asphalt","rwy1":"04L","lat1":12.34167800,"lon1":-001.52024700,"rwy2":"22R","lat2":12.36443900,"lon2":-001.50478600},
{"len_m":1910,"wid_m":29.87,"hdg":35,"surf":"Gravel","rwy1":"04R","lat1":12.34428100,"lon1":-001.51578300,"rwy2":"22L","lat2":12.35835800,"lon2":-001.50560600}
]
,"radios":[
{"type":"TWR","freq":120.3,"desc":"AG VOICE OUAGA RDO"},
{"type":"TWR","freq":118.1,"desc":"OUAGA TWR"},
{"type":"APP","freq":118.1,"desc":"OUAGA APP"}
]
}
