{"success":true,"source":"xp2cvs.pl","last_updated":"2013/03/06 18:03:30 UTC"
,"icao":"DGAA","name":"Accra_kotoka_intl","lat":5.602578,"lon":-0.16760158,"rwys":1,"ils":1
,"runways":[
{"len_m":3389,"wid_m":60.96,"hdg":22,"surf":"Asphalt","rwy1":"03","lat1":05.58838023,"lon1":-000.17336539,"rwy2":"21","lat2":05.61677577,"lon2":-000.16183777}
]
,"radios":[
{"type":"GND","freq":121.9,"desc":"ACCRA GND"},
{"type":"TWR","freq":118.6,"desc":"ACCRA TWR"},
{"type":"APP","freq":119.5,"desc":"ACCRA APP"}
]
}
