{"success":true,"source":"xp2cvs.pl","last_updated":"2013/03/06 18:03:30 UTC"
,"icao":"DIAP","name":"Abidjan Felix Houphouet Boigny Intl","lat":5.261386,"lon":-3.926296,"rwys":1,"ils":1
,"runways":[
{"len_m":2999,"wid_m":49.99,"hdg":22,"surf":"Asphalt","rwy1":"03","lat1":05.24884700,"lon1":-003.93145300,"rwy2":"21","lat2":05.27392500,"lon2":-003.92113900}
]
,"radios":[
{"type":"ATIS","freq":126.6,"desc":"ATIS"},
{"type":"TWR","freq":129.1,"desc":"INFO"},
{"type":"TWR","freq":118.1,"desc":"TWR"}
]
}
