{"success":true,"source":"xp2cvs.pl","last_updated":"2013/03/06 18:03:30 UTC"
,"icao":"DNAA","name":"Nnamdi Azikiwe Intl","lat":9.0067905,"lon":7.263171,"rwys":1,"ils":2
,"runways":[
{"len_m":3609,"wid_m":60.05,"hdg":35,"surf":"Asphalt","rwy1":"04","lat1":08.99343900,"lon1":007.25373600,"rwy2":"22","lat2":09.02014200,"lon2":007.27260600}
]
,"radios":[
{"type":"ATIS","freq":127.05,"desc":"ATIS"},
{"type":"ATIS","freq":123.9,"desc":"ATIS"},
{"type":"ATIS","freq":127.5,"desc":"ATIS"},
{"type":"TWR","freq":119.8,"desc":"TWR"},
{"type":"APP","freq":127.9,"desc":"APP"},
{"type":"APP","freq":119.8,"desc":"APP"}
]
}
