{"success":true,"source":"xp2cvs.pl","last_updated":"2013/03/06 18:03:30 UTC"
,"icao":"DNMM","name":"Lagos Murtala Muhammed","lat":6.57737975,"lon":3.3213475,"rwys":2,"ils":2
,"runways":[
{"len_m":3899,"wid_m":60.05,"hdg":180,"surf":"Asphalt","rwy1":"18R","lat1":06.58778100,"lon1":003.31355600,"rwy2":"36L","lat2":06.55251900,"lon2":003.31355600},
{"len_m":2742,"wid_m":45.11,"hdg":180,"surf":"Asphalt","rwy1":"18L","lat1":06.59700800,"lon1":003.32913900,"rwy2":"36R","lat2":06.57221100,"lon2":003.32913900}
]
,"radios":[
{"type":"TWR","freq":120.9,"desc":"LAGOS WEST"},
{"type":"APP","freq":124.7,"desc":"APP"}
]
}
