{"success":true,"source":"xp2cvs.pl","last_updated":"2013/03/06 18:03:30 UTC"
,"icao":"DNYO","name":"Yola","lat":9.263721,"lon":12.43125325,"rwys":2,"ils":1
,"runways":[
{"len_m":2999,"wid_m":45.11,"hdg":170,"surf":"Asphalt","rwy1":"17","lat1":09.27105300,"lon1":012.42818600,"rwy2":"35","lat2":09.24430600,"lon2":012.43268600},
{"len_m":1573,"wid_m":29.87,"hdg":126,"surf":"Asphalt","rwy1":"13","lat1":09.27396900,"lon1":012.42629700,"rwy2":"31","lat2":09.26555600,"lon2":012.43784400}
]
,"radios":[
{"type":"TWR","freq":122.5,"desc":"TWR"}
]
}
