{"success":true,"source":"xp2cvs.pl","last_updated":"2013/03/06 18:03:30 UTC"
,"icao":"DRRN","name":"Diori Hamani","lat":13.482967,"lon":2.181087,"rwys":2,"ils":1
,"runways":[
{"len_m":3006,"wid_m":45.11,"hdg":87,"surf":"Asphalt","rwy1":"09R","lat1":13.48090300,"lon1":002.16974400,"rwy2":"27L","lat2":13.48219200,"lon2":002.19748100},
{"len_m":1624,"wid_m":39.93,"hdg":87,"surf":"Gravel","rwy1":"09L","lat1":13.48403100,"lon1":002.17106700,"rwy2":"27R","lat2":13.48474200,"lon2":002.18605600}
]
,"radios":[
{"type":"TWR","freq":119.7,"desc":"NIAMEY TWR"},
{"type":"TWR","freq":118.1,"desc":"NIAMEY TWR"}
]
}
