{"success":true,"source":"xp2cvs.pl","last_updated":"2013/03/06 18:03:30 UTC"
,"icao":"DTTA","name":"Carthage","lat":36.8512675,"lon":10.230027,"rwys":2,"ils":2
,"runways":[
{"len_m":3194,"wid_m":45.11,"hdg":12,"surf":"Asphalt","rwy1":"01","lat1":36.83913100,"lon1":010.22375600,"rwy2":"19","lat2":36.86725000,"lon2":010.23141100},
{"len_m":2852,"wid_m":45.11,"hdg":112,"surf":"Asphalt","rwy1":"11","lat1":36.85425600,"lon1":010.21769400,"rwy2":"29","lat2":36.84443300,"lon2":010.24724700}
]
,"radios":[
{"type":"ATIS","freq":118.67,"desc":"TUNIS ATIS"},
{"type":"GND","freq":121.9,"desc":"TUNIS GND"},
{"type":"TWR","freq":118.1,"desc":"TUNIS TWR"},
{"type":"APP","freq":121.2,"desc":"TUNIS APP"},
{"type":"APP","freq":119.5,"desc":"TUNIS APP"}
]
}
