{"success":true,"source":"xp2cvs.pl","last_updated":"2013/03/06 18:03:30 UTC"
,"icao":"EBAW","name":"Antwerp Deurne","lat":51.18975954,"lon":4.46035227,"rwys":2,"ils":1
,"runways":[
{"len_m":1506,"wid_m":45.11,"hdg":109,"surf":"Asphalt","rwy1":"11","lat1":51.19237886,"lon1":004.45276224,"rwy2":"29","lat2":51.18779298,"lon2":004.47304168},
{"len_m":1013,"wid_m":49.99,"hdg":109,"surf":"Turf/grass","rwy1":"11L","lat1":51.19276395,"lon1":004.45782914,"rwy2":"29R","lat2":51.18967877,"lon2":004.47147264}
]
,"helipads":[
{"rwy1":"H1","len_m":20,"wid_m":20.12,"hdg":4,"surf":"Asphalt","lat1":004.45373572,"lon1":004.45782914},
{"rwy1":"H2","len_m":15,"wid_m":15.85,"hdg":4,"surf":"Asphalt","lat1":004.46012051,"lon1":004.45782914}
]
,"radios":[
{"type":"GND","freq":121.8,"desc":"ANTWERP GND"},
{"type":"TWR","freq":135.2,"desc":"ANTWERP TWR"},
{"type":"APP","freq":118.25,"desc":"BRUSSELS APP"}
]
}
