{"success":true,"source":"xp2cvs.pl","last_updated":"2013/03/06 18:03:30 UTC"
,"icao":"EBBE","name":"Beauvechain","lat":50.7543886266667,"lon":4.76998626166667,"rwys":2,"ils":1
,"runways":[
{"len_m":2793,"wid_m":45.11,"hdg":38,"surf":"Asphalt","rwy1":"04L","lat1":50.74894664,"lon1":004.75582607,"rwy2":"22R","lat2":50.76849203,"lon2":004.78068638},
{"len_m":2319,"wid_m":22.86,"hdg":38,"surf":"Asphalt","rwy1":"04R","lat1":50.74707287,"lon1":004.76013650,"rwy2":"22L","lat2":50.76329036,"lon2":004.78078794}
]
,"helipads":[
{"rwy1":"H1","len_m":21,"wid_m":31.09,"hdg":4,"surf":"Asphalt","lat1":004.77124034,"lon1":004.76013650}
]
,"radios":[
{"type":"GND","freq":122.1,"desc":"GND"},
{"type":"GND","freq":130.37,"desc":"GND"},
{"type":"TWR","freq":122.1,"desc":"TWR"},
{"type":"TWR","freq":130.72,"desc":"TWR"},
{"type":"APP","freq":122.5,"desc":"APP"},
{"type":"APP","freq":122.82,"desc":"APP"},
{"type":"APP","freq":123.3,"desc":"GCA"}
]
}
