{"success":true,"source":"xp2cvs.pl","last_updated":"2013/03/06 18:03:30 UTC"
,"icao":"EBBL","name":"Kleine Brogel","lat":51.16778691,"lon":5.470906575,"rwys":2,"ils":1
,"runways":[
{"len_m":3091,"wid_m":45.11,"hdg":49,"surf":"Asphalt","rwy1":"05L","lat1":51.15961482,"lon1":005.45307285,"rwy2":"23R","lat2":51.17747612,"lon2":005.48693477},
{"len_m":2400,"wid_m":22.86,"hdg":50,"surf":"Asphalt","rwy1":"05R","lat1":51.16011435,"lon1":005.45863184,"rwy2":"23L","lat2":51.17394235,"lon2":005.48498684}
]
,"radios":[
{"type":"GND","freq":122.1,"desc":"TAXI"},
{"type":"TWR","freq":122.1,"desc":"TWR"},
{"type":"APP","freq":122.5,"desc":"APP"}
]
}
