{"success":true,"source":"xp2cvs.pl","last_updated":"2013/03/06 18:03:30 UTC"
,"icao":"EBBR","name":"Brussels Airport","lat":50.89969194,"lon":4.48266384277778,"rwys":3,"ils":4
,"runways":[
{"len_m":3698,"wid_m":45.11,"hdg":65,"surf":"Asphalt","rwy1":"07L","lat1":50.89886682,"lon1":004.45563939,"rwy2":"25R","lat2":50.91279104,"lon2":004.50339081},
{"len_m":3270,"wid_m":45.11,"hdg":69,"surf":"Asphalt","rwy1":"07R","lat1":50.88903977,"lon1":004.48039286,"rwy2":"25L","lat2":50.89911322,"lon2":004.52406473},
{"len_m":3017,"wid_m":49.99,"hdg":14,"surf":"Asphalt","rwy1":"02","lat1":50.88680618,"lon1":004.49134748,"rwy2":"20","lat2":50.91307165,"lon2":004.50205064}
]
,"helipads":[
{"rwy1":"H1","len_m":24,"wid_m":24.08,"hdg":4,"surf":"Concrete","lat1":004.49073037,"lon1":004.49134748},
{"rwy1":"H2","len_m":24,"wid_m":24.08,"hdg":4,"surf":"Concrete","lat1":004.48430390,"lon1":004.49134748},
{"rwy1":"H3","len_m":24,"wid_m":24.08,"hdg":4,"surf":"Concrete","lat1":004.46137200,"lon1":004.49134748},
{"rwy1":"H4","len_m":24,"wid_m":24.08,"hdg":4,"surf":"Concrete","lat1":004.49033719,"lon1":004.49134748},
{"rwy1":"H5","len_m":24,"wid_m":24.08,"hdg":4,"surf":"Concrete","lat1":004.46977017,"lon1":004.49134748},
{"rwy1":"H6","len_m":24,"wid_m":24.08,"hdg":4,"surf":"Concrete","lat1":004.46901800,"lon1":004.49134748}
]
,"radios":[
{"type":"ATIS","freq":132.47,"desc":"ATIS ARR"},
{"type":"ATIS","freq":121.75,"desc":"ATIS DEP"},
{"type":"CTAF","freq":130.55,"desc":"ABELAG UNICOM"},
{"type":"CLD","freq":121.95,"desc":"CLNC DEL"},
{"type":"GND","freq":118.05,"desc":"GND"},
{"type":"GND","freq":121.87,"desc":"GND"},
{"type":"TWR","freq":118.6,"desc":"TWR"},
{"type":"TWR","freq":120.77,"desc":"TWR"},
{"type":"APP","freq":118.25,"desc":"APP"},
{"type":"APP","freq":120.1,"desc":"APP"},
{"type":"APP","freq":122.5,"desc":"APP"},
{"type":"DEP","freq":126.62,"desc":"DEP"}
]
}
