{"success":true,"source":"xp2cvs.pl","last_updated":"2013/03/06 18:03:30 UTC"
,"icao":"EBCI","name":"Brussels South - Charleroi","lat":50.45994663,"lon":4.453124585,"rwys":1,"ils":1
,"runways":[
{"len_m":2558,"wid_m":45.11,"hdg":65,"surf":"Asphalt","rwy1":"07","lat1":50.45519572,"lon1":004.43671866,"rwy2":"25","lat2":50.46469754,"lon2":004.46953051}
]
,"radios":[
{"type":"ATIS","freq":134.62,"desc":"ATIS"},
{"type":"GND","freq":121.8,"desc":"CHARLEROI GND"},
{"type":"TWR","freq":121.3,"desc":"CHARLEROI TWR"},
{"type":"APP","freq":133.12,"desc":"CHARLEROI APP"}
]
}
