{"success":true,"source":"xp2cvs.pl","last_updated":"2013/03/06 18:03:30 UTC"
,"icao":"EBFS","name":"Florennes","lat":50.24086387,"lon":4.648294745,"rwys":2,"ils":1
,"runways":[
{"len_m":3427,"wid_m":45.11,"hdg":79,"surf":"Asphalt","rwy1":"08L","lat1":50.24084359,"lon1":004.62545623,"rwy2":"26R","lat2":50.24644887,"lon2":004.67270678},
{"len_m":2242,"wid_m":22.86,"hdg":79,"surf":"Asphalt","rwy1":"08R","lat1":50.23624075,"lon1":004.63205510,"rwy2":"26L","lat2":50.23992227,"lon2":004.66296087}
]
,"radios":[
{"type":"GND","freq":122.1,"desc":"GND"},
{"type":"TWR","freq":122.1,"desc":"TWR"},
{"type":"APP","freq":122.5,"desc":"APP"},
{"type":"APP","freq":123.3,"desc":"GCA"}
]
}
