{"success":true,"source":"xp2cvs.pl","last_updated":"2013/03/06 18:03:30 UTC"
,"icao":"EBLG","name":"Liege","lat":50.6393904225,"lon":5.4456039,"rwys":2,"ils":3
,"runways":[
{"len_m":3294,"wid_m":45.11,"hdg":45,"surf":"Asphalt","rwy1":"05R","lat1":50.62708272,"lon1":005.42795428,"rwy2":"23L","lat2":50.64799528,"lon2":005.46092772},
{"len_m":2339,"wid_m":45.11,"hdg":45,"surf":"Asphalt","rwy1":"05L","lat1":50.63127632,"lon1":005.43013023,"rwy2":"23R","lat2":50.64612768,"lon2":005.45354739}
]
,"helipads":[
{"rwy1":"H1","len_m":29,"wid_m":29.87,"hdg":5,"surf":"Concrete","lat1":005.45197753,"lon1":005.43013023},
{"rwy1":"H2","len_m":29,"wid_m":29.87,"hdg":5,"surf":"Concrete","lat1":005.44415826,"lon1":005.43013023}
]
,"radios":[
{"type":"ATIS","freq":126.25,"desc":"ATIS"},
{"type":"CLD","freq":121.8,"desc":"CLNC DEL"},
{"type":"GND","freq":121.92,"desc":"GND"},
{"type":"TWR","freq":130.62,"desc":"TWR"},
{"type":"APP","freq":122.5,"desc":"APP"}
]
}
