{"success":true,"source":"xp2cvs.pl","last_updated":"2013/03/06 18:03:30 UTC"
,"icao":"EBOS","name":"Oostende","lat":51.19996658,"lon":2.875008315,"rwys":1,"ils":2
,"runways":[
{"len_m":3213,"wid_m":45.11,"hdg":76,"surf":"Asphalt","rwy1":"08","lat1":51.19657229,"lon1":002.85266187,"rwy2":"26","lat2":51.20336087,"lon2":002.89735476}
]
,"radios":[
{"type":"GND","freq":121.9,"desc":"OOSTENDE GND"},
{"type":"TWR","freq":118.17,"desc":"OOSTENDE TWR"},
{"type":"APP","freq":120.6,"desc":"OOSTENDE APP"}
]
}
