{"success":true,"source":"xp2cvs.pl","last_updated":"2013/03/06 18:03:30 UTC"
,"icao":"EDAC","name":"Altenburg Nobitz","lat":50.9818155,"lon":12.5063635,"rwys":1,"ils":1
,"runways":[
{"len_m":2185,"wid_m":45.11,"hdg":40,"surf":"Concrete","rwy1":"04","lat1":50.97436900,"lon1":012.49622100,"rwy2":"22","lat2":50.98926200,"lon2":012.51650600}
]
,"radios":[
{"type":"TWR","freq":125.8,"desc":"MUNCHEN INFO"},
{"type":"TWR","freq":123.57,"desc":"TWR"},
{"type":"APP","freq":132.3,"desc":"MUNCHEN RADAR"},
{"type":"APP","freq":126.17,"desc":"MUNCHEN RADAR"}
]
}
