{"success":true,"source":"xp2cvs.pl","last_updated":"2013/03/06 18:03:30 UTC"
,"icao":"EDBC","name":"Magdeburg Cochstedt","lat":51.8559265,"lon":11.418004,"rwys":2,"ils":1
,"runways":[
{"len_m":2499,"wid_m":45.11,"hdg":77,"surf":"Asphalt","rwy1":"08","lat1":51.85347500,"lon1":011.40029400,"rwy2":"26","lat2":51.85837500,"lon2":011.43570600},
{"len_m":802,"wid_m":39.93,"hdg":77,"surf":"Turf/grass","rwy1":"08R","lat1":51.85514123,"lon1":011.41232228,"rwy2":"26L","lat2":51.85671477,"lon2":011.42369372}
]
,"radios":[
{"type":"TWR","freq":131.12,"desc":"COCHSTEDT INFO"}
]
}
