{"success":true,"source":"xp2cvs.pl","last_updated":"2013/03/06 18:03:30 UTC"
,"icao":"EDDB","name":"Berlin Schoenefeld","lat":52.378541,"lon":13.52062925,"rwys":2,"ils":2
,"runways":[
{"len_m":2999,"wid_m":45.11,"hdg":68,"surf":"Asphalt","rwy1":"07","lat1":52.36768900,"lon1":013.48502500,"rwy2":"25","lat2":52.37743100,"lon2":013.52609700},
{"len_m":2709,"wid_m":45.11,"hdg":68,"surf":"Concrete","rwy1":"07L","lat1":52.38012500,"lon1":013.51714200,"rwy2":"25R","lat2":52.38891900,"lon2":013.55425300}
]
,"radios":[
{"type":"ATIS","freq":124.95,"desc":"ATIS"},
{"type":"GND","freq":121.8,"desc":"GND"},
{"type":"GND","freq":121.6,"desc":"GND"},
{"type":"TWR","freq":122.7,"desc":"INFO"},
{"type":"TWR","freq":127.87,"desc":"TWR"},
{"type":"TWR","freq":120.02,"desc":"TWR"},
{"type":"TWR","freq":132.65,"desc":"BERLIN INFO"},
{"type":"APP","freq":136.1,"desc":"BERLIN DIRECTOR"},
{"type":"APP","freq":121.12,"desc":"BERLIN DIRECTOR"},
{"type":"APP","freq":119.62,"desc":"BERLIN ARR"},
{"type":"APP","freq":126.42,"desc":"BERLIN ARR"},
{"type":"DEP","freq":120.62,"desc":"BERLIN DEP"},
{"type":"DEP","freq":119.5,"desc":"BERLIN DEP"}
]
}
