{"success":true,"source":"xp2cvs.pl","last_updated":"2013/03/06 18:03:30 UTC"
,"icao":"EDDC","name":"Dresden","lat":51.1335717225,"lon":13.7700046075,"rwys":1,"ils":2
,"runways":[
{"len_m":2853,"wid_m":60.05,"hdg":40,"surf":"Concrete","rwy1":"04","lat1":51.12466300,"lon1":013.75474000,"rwy2":"22","lat2":51.14406833,"lon2":013.78138955}
]
,"helipads":[
{"rwy1":"H1","len_m":29,"wid_m":29.87,"hdg":13,"surf":"Transparent","lat1":013.77194444,"lon1":013.75474000}
]
,"radios":[
{"type":"ATIS","freq":118.87,"desc":"ATIS"},
{"type":"GND","freq":121.9,"desc":"GND"},
{"type":"TWR","freq":125.8,"desc":"MUNCHEN INFO"},
{"type":"TWR","freq":119.7,"desc":"TWR"},
{"type":"TWR","freq":122.92,"desc":"TWR"},
{"type":"APP","freq":125.62,"desc":"BERLIN RADAR"}
]
}
