{"success":true,"source":"xp2cvs.pl","last_updated":"2013/03/06 18:03:30 UTC"
,"icao":"EDDE","name":"Erfurt","lat":50.978145,"lon":10.960035,"rwys":1,"ils":2
,"runways":[
{"len_m":2605,"wid_m":49.99,"hdg":98,"surf":"Asphalt","rwy1":"10","lat1":50.98148400,"lon1":010.93974800,"rwy2":"28","lat2":50.97813200,"lon2":010.97646200}
]
,"helipads":[
{"rwy1":"H1","len_m":3,"wid_m":4.88,"hdg":10,"surf":"Concrete","lat1":010.96196500,"lon1":010.93974800}
]
,"radios":[
{"type":"ATIS","freq":135.17,"desc":"EDDE ATIS"},
{"type":"GND","freq":121.9,"desc":"ERFURT APRON GND"},
{"type":"GND","freq":121.75,"desc":"ERFURT GROUND GND"},
{"type":"TWR","freq":121.15,"desc":"ERFURT TOWER TWR"},
{"type":"TWR","freq":123.22,"desc":"Bremen Radar CNTR"},
{"type":"TWR","freq":133.57,"desc":"Muenchen Radar CNTR"},
{"type":"APP","freq":124.17,"desc":"Muenchen Radar APP"}
]
}
