{"success":true,"source":"xp2cvs.pl","last_updated":"2013/03/06 18:03:30 UTC"
,"icao":"EDDF","name":"Frankfurt Am Main","lat":50.031864618,"lon":8.542587818,"rwys":4,"ils":6
,"runways":[
{"len_m":4000,"wid_m":60.05,"hdg":69,"surf":"Asphalt","rwy1":"07C","lat1":50.03261700,"lon1":008.53463099,"rwy2":"25C","lat2":50.04512800,"lon2":008.58698099},
{"len_m":2799,"wid_m":45.11,"hdg":69,"surf":"Concrete","rwy1":"07L","lat1":50.03705400,"lon1":008.49707800,"rwy2":"25R","lat2":50.04582500,"lon2":008.53371600},
{"len_m":4000,"wid_m":45.11,"hdg":69,"surf":"Asphalt","rwy1":"07R","lat1":50.02754200,"lon1":008.53417499,"rwy2":"25L","lat2":50.04005300,"lon2":008.58653099},
{"len_m":3979,"wid_m":45.11,"hdg":179,"surf":"Concrete","rwy1":"18","lat1":50.03419600,"lon1":008.52593100,"rwy2":"36","lat2":49.99841700,"lon2":008.52608300}
]
,"helipads":[
{"rwy1":"H1","len_m":64,"wid_m":64.92,"hdg":8,"surf":"Concrete","lat1":008.55037611,"lon1":008.52593100}
]
,"radios":[
{"type":"ATIS","freq":118.02,"desc":"ATIS"},
{"type":"ATIS","freq":118.72,"desc":"ATIS 2"},
{"type":"CLD","freq":121.9,"desc":"Delivery"},
{"type":"GND","freq":121.8,"desc":"Ground"},
{"type":"GND","freq":121.95,"desc":"Apron East"},
{"type":"GND","freq":121.85,"desc":"Apron South"},
{"type":"GND","freq":121.7,"desc":"Apron West"},
{"type":"TWR","freq":119.9,"desc":"Tower"},
{"type":"TWR","freq":124.85,"desc":"Tower"},
{"type":"TWR","freq":127.32,"desc":"Tower"},
{"type":"APP","freq":118.45,"desc":"Langen Radar"},
{"type":"APP","freq":126.55,"desc":"Langen Radar"},
{"type":"APP","freq":136.12,"desc":"Langen Radar"},
{"type":"DEP","freq":120.15,"desc":"Langen Radar"},
{"type":"DEP","freq":120.8,"desc":"Langen Radar"}
]
}
