{"success":true,"source":"xp2cvs.pl","last_updated":"2013/03/06 18:03:30 UTC"
,"icao":"EDDG","name":"Muenster Osnabrueck","lat":52.13458011,"lon":7.684669025,"rwys":1,"ils":2
,"runways":[
{"len_m":2231,"wid_m":45.11,"hdg":70,"surf":"Asphalt","rwy1":"07","lat1":52.13131349,"lon1":007.66926034,"rwy2":"25","lat2":52.13784673,"lon2":007.70007771}
]
,"radios":[
{"type":"ATIS","freq":127.17,"desc":"ATIS"},
{"type":"GND","freq":121.87,"desc":"GND"},
{"type":"TWR","freq":123.52,"desc":"LANGEN INFO"},
{"type":"TWR","freq":129.8,"desc":"TWR"},
{"type":"APP","freq":129.3,"desc":"LANGEN RADAR"}
]
}
