{"success":true,"source":"xp2cvs.pl","last_updated":"2013/03/06 18:03:30 UTC"
,"icao":"EDDH","name":"Hamburg","lat":53.6280567341667,"lon":9.99170878583333,"rwys":2,"ils":3
,"runways":[
{"len_m":3251,"wid_m":46.02,"hdg":50,"surf":"Asphalt","rwy1":"05","lat1":53.61823179,"lon1":009.96371060,"rwy2":"23","lat2":53.63690839,"lon2":010.00151020},
{"len_m":3665,"wid_m":46.02,"hdg":152,"surf":"Asphalt","rwy1":"15","lat1":53.65441320,"lon1":009.97521180,"rwy2":"33","lat2":53.62510683,"lon2":010.00050753}
]
,"helipads":[
{"rwy1":"H1","len_m":29,"wid_m":29.87,"hdg":9,"surf":"Concrete","lat1":009.98460969,"lon1":009.97521180},
{"rwy1":"H2","len_m":28,"wid_m":28.04,"hdg":10,"surf":"Asphalt","lat1":010.00126195,"lon1":009.97521180},
{"rwy1":"H3","len_m":7,"wid_m":7.01,"hdg":9,"surf":"Asphalt","lat1":009.99692418,"lon1":009.97521180},
{"rwy1":"H4","len_m":7,"wid_m":7.01,"hdg":9,"surf":"Asphalt","lat1":009.99698683,"lon1":009.97521180}
]
,"radios":[
{"type":"ATIS","freq":123.12,"desc":"EDDH ATIS"},
{"type":"GND","freq":121.8,"desc":"HAMBURG GND"},
{"type":"TWR","freq":121.27,"desc":"HAMBURG TWR"},
{"type":"TWR","freq":126.85,"desc":"HAMBURG TWR"},
{"type":"APP","freq":124.62,"desc":"HAMBURG APP"},
{"type":"APP","freq":118.2,"desc":"HAMBURG APP"}
]
}
