{"success":true,"source":"xp2cvs.pl","last_updated":"2013/03/06 18:03:30 UTC"
,"icao":"EDDL","name":"Duesseldorf","lat":51.28942375,"lon":6.76664575,"rwys":2,"ils":4
,"runways":[
{"len_m":2999,"wid_m":45.11,"hdg":52,"surf":"Concrete","rwy1":"05R","lat1":51.27960600,"lon1":006.75198600,"rwy2":"23L","lat2":51.29591700,"lon2":006.78621900},
{"len_m":2707,"wid_m":45.11,"hdg":52,"surf":"Concrete","rwy1":"05L","lat1":51.28373300,"lon1":006.74872500,"rwy2":"23R","lat2":51.29843900,"lon2":006.77965300}
]
,"radios":[
{"type":"ATIS","freq":123.77,"desc":"ATIS"},
{"type":"CLD","freq":121.77,"desc":"CLNC DEL"},
{"type":"GND","freq":121.9,"desc":"GND"},
{"type":"TWR","freq":118.3,"desc":"TWR"},
{"type":"APP","freq":119.4,"desc":"DIR"}
]
}
