{"success":true,"source":"xp2cvs.pl","last_updated":"2013/03/06 18:03:30 UTC"
,"icao":"EDDM","name":"Muenchen Franz-josef Strauss","lat":48.3577976044445,"lon":11.79880682,"rwys":2,"ils":4
,"runways":[
{"len_m":3999,"wid_m":60.05,"hdg":83,"surf":"Concrete","rwy1":"08L","lat1":48.36276108,"lon1":011.76755120,"rwy2":"26R","lat2":48.36688292,"lon2":011.82117080},
{"len_m":3999,"wid_m":60.05,"hdg":83,"surf":"Concrete","rwy1":"08R","lat1":48.34068697,"lon1":011.75107536,"rwy2":"26L","lat2":48.34481503,"lon2":011.80467064}
]
,"helipads":[
{"rwy1":"H1","len_m":14,"wid_m":14.94,"hdg":11,"surf":"Concrete","lat1":011.80185700,"lon1":011.75107536},
{"rwy1":"H2","len_m":14,"wid_m":14.94,"hdg":11,"surf":"Concrete","lat1":011.80208900,"lon1":011.75107536},
{"rwy1":"H3","len_m":14,"wid_m":14.94,"hdg":11,"surf":"Concrete","lat1":011.80232000,"lon1":011.75107536},
{"rwy1":"H4","len_m":14,"wid_m":14.94,"hdg":11,"surf":"Concrete","lat1":011.80188700,"lon1":011.75107536},
{"rwy1":"H5","len_m":14,"wid_m":14.94,"hdg":11,"surf":"Concrete","lat1":011.80212000,"lon1":011.75107536},
{"rwy1":"H6","len_m":14,"wid_m":14.94,"hdg":11,"surf":"Concrete","lat1":011.80235400,"lon1":011.75107536},
{"rwy1":"H7","len_m":54,"wid_m":54.86,"hdg":11,"surf":"Concrete","lat1":011.80440038,"lon1":011.75107536}
]
,"radios":[
{"type":"ATIS","freq":123.12,"desc":"ATIS"},
{"type":"CLD","freq":121.72,"desc":"CLNC DEL"},
{"type":"GND","freq":121.97,"desc":"GND"},
{"type":"TWR","freq":118.7,"desc":"TWR"},
{"type":"TWR","freq":128.8,"desc":"unnamed entity"},
{"type":"APP","freq":123.9,"desc":"RADAR"}
]
}
