{"success":true,"source":"xp2cvs.pl","last_updated":"2013/03/06 18:03:30 UTC"
,"icao":"EDDN","name":"Nurnberg","lat":49.4969302166667,"lon":11.07354153,"rwys":1,"ils":2
,"runways":[
{"len_m":2695,"wid_m":45.11,"hdg":98,"surf":"Asphalt","rwy1":"10","lat1":49.50055365,"lon1":011.05918359,"rwy2":"28","lat2":49.49693365,"lon2":011.09597559}
]
,"helipads":[
{"rwy1":"H1","len_m":14,"wid_m":14.94,"hdg":11,"surf":"Asphalt","lat1":011.07156700,"lon1":011.05918359},
{"rwy1":"H2","len_m":14,"wid_m":14.94,"hdg":11,"surf":"Asphalt","lat1":011.07147800,"lon1":011.05918359}
]
,"radios":[
{"type":"ATIS","freq":123.07,"desc":"ATIS"},
{"type":"GND","freq":118.1,"desc":"GND"},
{"type":"TWR","freq":127.97,"desc":"LANGEN INFO"},
{"type":"TWR","freq":120.65,"desc":"MUNCHEN INFO"},
{"type":"TWR","freq":125.8,"desc":"MUNCHEN INFO"},
{"type":"TWR","freq":118.3,"desc":"TWR"},
{"type":"APP","freq":119.47,"desc":"DIR"},
{"type":"APP","freq":118.97,"desc":"MUNCHEN RADAR"}
]
}
