{"success":true,"source":"xp2cvs.pl","last_updated":"2013/03/06 18:03:30 UTC"
,"icao":"EDDP","name":"Leipzig-halle","lat":51.42263075,"lon":12.2360415,"rwys":2,"ils":4
,"runways":[
{"len_m":3599,"wid_m":45.11,"hdg":85,"surf":"Concrete","rwy1":"08L","lat1":51.43124100,"lon1":012.21582600,"rwy2":"26R","lat2":51.43364800,"lon2":012.26744500},
{"len_m":3599,"wid_m":60.05,"hdg":85,"surf":"Concrete","rwy1":"08R","lat1":51.41160800,"lon1":012.20464800,"rwy2":"26L","lat2":51.41402600,"lon2":012.25624700}
]
,"radios":[
{"type":"ATIS","freq":120.52,"desc":"EDDP ATIS"},
{"type":"GND","freq":121.8,"desc":"LEIPZIG GND"},
{"type":"TWR","freq":119.7,"desc":"LEIPZIG TWR"},
{"type":"TWR","freq":121.1,"desc":"LEIPZIG TWR"},
{"type":"APP","freq":119.7,"desc":"LEIPZIG APP"},
{"type":"APP","freq":124.17,"desc":"LEIPZIG APP"}
]
}
