{"success":true,"source":"xp2cvs.pl","last_updated":"2013/03/06 18:03:30 UTC"
,"icao":"EDDR","name":"Saarbrucken","lat":49.2153429775,"lon":7.112610135,"rwys":2,"ils":1
,"runways":[
{"len_m":1971,"wid_m":45.11,"hdg":87,"surf":"Asphalt","rwy1":"09","lat1":49.21416996,"lon1":007.09642507,"rwy2":"27","lat2":49.21497395,"lon2":007.12345547},
{"len_m":545,"wid_m":49.99,"hdg":87,"surf":"Turf/grass","rwy1":"09L","lat1":49.21599035,"lon1":007.11154326,"rwy2":"27R","lat2":49.21623765,"lon2":007.11901674}
]
,"radios":[
{"type":"ATIS","freq":125.3,"desc":"ATIS"},
{"type":"TWR","freq":118.35,"desc":"TWR"}
]
}
