{"success":true,"source":"xp2cvs.pl","last_updated":"2013/03/06 18:03:30 UTC"
,"icao":"EDDS","name":"Stuttgart","lat":48.689875,"lon":9.2219655,"rwys":1,"ils":2
,"runways":[
{"len_m":3344,"wid_m":45.11,"hdg":73,"surf":"Concrete","rwy1":"07","lat1":48.68573300,"lon1":009.20012800,"rwy2":"25","lat2":48.69401700,"lon2":009.24380300}
]
,"radios":[
{"type":"ATIS","freq":126.12,"desc":"ATIS"},
{"type":"CLD","freq":121.9,"desc":"CLNC DEL"},
{"type":"GND","freq":118.6,"desc":"GND"},
{"type":"TWR","freq":118.8,"desc":"TWR"},
{"type":"TWR","freq":119.05,"desc":"TWR"},
{"type":"APP","freq":119.2,"desc":"LANGEN RADAR"},
{"type":"APP","freq":125.05,"desc":"LANGEN RADAR"},
{"type":"APP","freq":119.85,"desc":"DIR"}
]
}
