{"success":true,"source":"xp2cvs.pl","last_updated":"2013/03/06 18:03:30 UTC"
,"icao":"EDDV","name":"Hannover","lat":52.4620948833333,"lon":9.68679404,"rwys":3,"ils":4
,"runways":[
{"len_m":2339,"wid_m":45.11,"hdg":92,"surf":"Concrete","rwy1":"09R","lat1":52.45482105,"lon1":009.67702104,"rwy2":"27L","lat2":52.45386605,"lon2":009.71140204},
{"len_m":774,"wid_m":22.86,"hdg":92,"surf":"Asphalt","rwy1":"09C","lat1":52.46466605,"lon1":009.68401904,"rwy2":"27C","lat2":52.46435705,"lon2":009.69539604},
{"len_m":3799,"wid_m":45.11,"hdg":92,"surf":"Concrete","rwy1":"09L","lat1":52.46819905,"lon1":009.64853804,"rwy2":"27R","lat2":52.46666005,"lon2":009.70438804}
]
,"radios":[
{"type":"ATIS","freq":132.12,"desc":"EDDV ATIS"},
{"type":"GND","freq":121.95,"desc":"HANNOVER GND"},
{"type":"TWR","freq":120.17,"desc":"HANNOVER TWR"},
{"type":"TWR","freq":120.22,"desc":"HANNOVER TWR"}
]
}
