{"success":true,"source":"xp2cvs.pl","last_updated":"2013/03/06 18:03:30 UTC"
,"icao":"EDDW","name":"Bremen","lat":53.046809452,"lon":8.786764015,"rwys":2,"ils":2
,"runways":[
{"len_m":2633,"wid_m":46.02,"hdg":87,"surf":"Asphalt","rwy1":"09","lat1":53.04643533,"lon1":008.77006328,"rwy2":"27","lat2":53.04734167,"lon2":008.80930913},
{"len_m":701,"wid_m":22.86,"hdg":51,"surf":"Asphalt","rwy1":"05","lat1":53.04256700,"lon1":008.78423900,"rwy2":"23","lat2":53.04651400,"lon2":008.79240000}
]
,"helipads":[
{"rwy1":"H1","len_m":32,"wid_m":32.92,"hdg":8,"surf":"Turf/grass","lat1":008.78179615,"lon1":008.78423900},
{"rwy1":"H2","len_m":14,"wid_m":14.94,"hdg":8,"surf":"Concrete","lat1":008.78750800,"lon1":008.78423900},
{"rwy1":"H3","len_m":42,"wid_m":42.06,"hdg":8,"surf":"Asphalt","lat1":008.78651022,"lon1":008.78423900}
]
,"radios":[
{"type":"GND","freq":121.75,"desc":"GND"},
{"type":"TWR","freq":125.1,"desc":"INFO"},
{"type":"TWR","freq":118.5,"desc":"TWR"},
{"type":"TWR","freq":134.82,"desc":"TWR"},
{"type":"APP","freq":124.8,"desc":"RADAR"},
{"type":"APP","freq":136.27,"desc":"RADAR"}
]
}
