{"success":true,"source":"xp2cvs.pl","last_updated":"2013/03/06 18:03:30 UTC"
,"icao":"EDFH","name":"Frankfurt Hahn","lat":49.945808,"lon":7.2610815,"rwys":1,"ils":2
,"runways":[
{"len_m":3799,"wid_m":45.11,"hdg":32,"surf":"Asphalt","rwy1":"03","lat1":49.93139400,"lon1":007.24687700,"rwy2":"21","lat2":49.96022200,"lon2":007.27528600}
]
,"radios":[
{"type":"ATIS","freq":136.35,"desc":"ATIS"},
{"type":"GND","freq":121.97,"desc":"GND"},
{"type":"TWR","freq":123.52,"desc":"LANGEN INFO"},
{"type":"TWR","freq":120.9,"desc":"TWR"},
{"type":"TWR","freq":119.65,"desc":"TWR"},
{"type":"APP","freq":125.6,"desc":"LANGEN RADAR"}
]
}
