{"success":true,"source":"xp2cvs.pl","last_updated":"2013/03/06 18:03:30 UTC"
,"icao":"EDGS","name":"Siegerland","lat":50.7082500216667,"lon":8.08224009333333,"rwys":3,"ils":1
,"runways":[
{"len_m":1619,"wid_m":29.87,"hdg":128,"surf":"Asphalt","rwy1":"13","lat1":50.71276279,"lon1":008.07267627,"rwy2":"31","lat2":50.70379379,"lon2":008.09072927},
{"len_m":710,"wid_m":29.87,"hdg":128,"surf":"Turf/grass","rwy1":"13L","lat1":50.71284346,"lon1":008.07521248,"rwy2":"31R","lat2":50.70888656,"lon2":008.08310707},
{"len_m":591,"wid_m":29.87,"hdg":39,"surf":"Turf/grass","rwy1":"04","lat1":50.70354493,"lon1":008.08321558,"rwy2":"22","lat2":50.70766860,"lon2":008.08849989}
]
,"radios":[
{"type":"ATIS","freq":128.62,"desc":"ATIS"},
{"type":"TWR","freq":120.37,"desc":"INFO"},
{"type":"APP","freq":124.9,"desc":"LANGEN RADAR"}
]
}
