{"success":true,"source":"xp2cvs.pl","last_updated":"2013/03/06 18:03:30 UTC"
,"icao":"EDHI","name":"Hamburg Finkenwerder","lat":53.53591,"lon":9.837071,"rwys":1,"ils":2
,"runways":[
{"len_m":2635,"wid_m":45.11,"hdg":51,"surf":"Asphalt","rwy1":"05","lat1":53.52856400,"lon1":009.82148600,"rwy2":"23","lat2":53.54325600,"lon2":009.85265600}
]
,"radios":[
{"type":"ATIS","freq":123.12,"desc":"ATIS"},
{"type":"TWR","freq":125.1,"desc":"BREMEN INFO"},
{"type":"TWR","freq":123.25,"desc":"FINKENWERDER TWR"},
{"type":"TWR","freq":121.27,"desc":"TWR"},
{"type":"APP","freq":124.22,"desc":"BREMEN RADAR"},
{"type":"APP","freq":134.25,"desc":"BREMEN RADAR"}
]
}
