{"success":true,"source":"xp2cvs.pl","last_updated":"2013/03/06 18:03:30 UTC"
,"icao":"EDHK","name":"Kiel Holtenau","lat":54.3807051716667,"lon":10.147509245,"rwys":2,"ils":2
,"runways":[
{"len_m":1265,"wid_m":29.87,"hdg":81,"surf":"Asphalt","rwy1":"08","lat1":54.37870786,"lon1":010.13552874,"rwy2":"26","lat2":54.38028914,"lon2":010.15480763},
{"len_m":451,"wid_m":29.87,"hdg":80,"surf":"Turf/grass","rwy1":"08L","lat1":54.38105217,"lon1":010.14121006,"rwy2":"26R","lat2":54.38171020,"lon2":010.14807122}
]
,"helipads":[
{"rwy1":"H","len_m":35,"wid_m":35.97,"hdg":10,"surf":"Concrete","lat1":010.15271891,"lon1":010.14121006}
]
,"radios":[
{"type":"GND","freq":125.6,"desc":"GND"},
{"type":"TWR","freq":119.97,"desc":"TWR"},
{"type":"TWR","freq":125.1,"desc":"BREMEN Information"},
{"type":"APP","freq":136.22,"desc":"BREMEN RADAR"}
]
}
