{"success":true,"source":"xp2cvs.pl","last_updated":"2013/03/06 18:03:30 UTC"
,"icao":"EDHL","name":"Lubeck Blankensee","lat":53.804963,"lon":10.7170585,"rwys":1,"ils":2
,"runways":[
{"len_m":2101,"wid_m":60.05,"hdg":71,"surf":"Asphalt","rwy1":"07","lat1":53.80204700,"lon1":010.70188600,"rwy2":"25","lat2":53.80787900,"lon2":010.73223100}
]
,"radios":[
{"type":"ATIS","freq":119.92,"desc":"ATIS"},
{"type":"GND","freq":121.77,"desc":"GND"},
{"type":"TWR","freq":128.7,"desc":"TWR"},
{"type":"TWR","freq":125.1,"desc":"BREMEN INFO"},
{"type":"APP","freq":124.22,"desc":"BREMEN RADAR"}
]
}
