{"success":true,"source":"xp2cvs.pl","last_updated":"2013/03/06 18:03:30 UTC"
,"icao":"EDLN","name":"Monchengladbach","lat":51.2303555,"lon":6.504496,"rwys":1,"ils":2
,"runways":[
{"len_m":1199,"wid_m":29.87,"hdg":128,"surf":"Asphalt","rwy1":"13","lat1":51.23372200,"lon1":006.49778600,"rwy2":"31","lat2":51.22698900,"lon2":006.51120600}
]
,"radios":[
{"type":"GND","freq":121.92,"desc":"GND"},
{"type":"TWR","freq":118.12,"desc":"TOWER"},
{"type":"APP","freq":133.77,"desc":"LANGEN RADAR"}
]
}
