{"success":true,"source":"xp2cvs.pl","last_updated":"2013/03/06 18:03:30 UTC"
,"icao":"EDLP","name":"Paderborn Lippstadt","lat":51.6141655,"lon":8.616336,"rwys":1,"ils":2
,"runways":[
{"len_m":2179,"wid_m":45.11,"hdg":57,"surf":"Asphalt","rwy1":"06","lat1":51.60888100,"lon1":008.60308600,"rwy2":"24","lat2":51.61945000,"lon2":008.62958600}
]
,"radios":[
{"type":"ATIS","freq":125.72,"desc":"ATIS"},
{"type":"GND","freq":121.92,"desc":"GND"},
{"type":"TWR","freq":129.87,"desc":"LANGEN INFO"},
{"type":"TWR","freq":133.37,"desc":"TWR"},
{"type":"APP","freq":125.22,"desc":"LANGEN RADAR"}
]
}
