{"success":true,"source":"xp2cvs.pl","last_updated":"2013/03/06 18:03:30 UTC"
,"icao":"EDLV","name":"Niederrhein","lat":51.6024555,"lon":6.142132,"rwys":1,"ils":1
,"runways":[
{"len_m":2439,"wid_m":45.11,"hdg":92,"surf":"Asphalt","rwy1":"09","lat1":51.60284400,"lon1":006.12453600,"rwy2":"27","lat2":51.60206700,"lon2":006.15972800}
]
,"radios":[
{"type":"ATIS","freq":124.45,"desc":"ATIS"},
{"type":"TWR","freq":129.87,"desc":"LANGEN INFO"},
{"type":"TWR","freq":129.4,"desc":"TWR"},
{"type":"APP","freq":128.5,"desc":"LANGEN RADAR"}
]
}
