{"success":true,"source":"xp2cvs.pl","last_updated":"2013/03/06 18:03:30 UTC"
,"icao":"EDLW","name":"Dortmund-wickede","lat":51.519107,"lon":7.614447,"rwys":1,"ils":2
,"runways":[
{"len_m":1999,"wid_m":45.11,"hdg":60,"surf":"Asphalt","rwy1":"06","lat1":51.51469200,"lon1":007.60190000,"rwy2":"24","lat2":51.52352200,"lon2":007.62699400}
]
,"radios":[
{"type":"ATIS","freq":125.12,"desc":"ATIS"},
{"type":"GND","freq":121.82,"desc":"GND"},
{"type":"TWR","freq":129.87,"desc":"LANGEN INFO"},
{"type":"TWR","freq":134.17,"desc":"TWR"},
{"type":"APP","freq":125.22,"desc":"LANGEN RADAR"}
]
}
