{"success":true,"source":"xp2cvs.pl","last_updated":"2013/03/06 18:03:30 UTC"
,"icao":"EDMA","name":"Augsburg","lat":48.424245,"lon":10.93427725,"rwys":2,"ils":1
,"runways":[
{"len_m":1278,"wid_m":29.87,"hdg":71,"surf":"Asphalt","rwy1":"07","lat1":48.42338600,"lon1":010.92355000,"rwy2":"25","lat2":48.42704700,"lon2":010.93993100},
{"len_m":1014,"wid_m":30.48,"hdg":71,"surf":"Turf/grass","rwy1":"07L","lat1":48.42182800,"lon1":010.93031400,"rwy2":"25R","lat2":48.42471900,"lon2":010.94331400}
]
,"radios":[
{"type":"ATIS","freq":124.57,"desc":"ATIS"},
{"type":"TWR","freq":120.65,"desc":"MUNCHEN INFO"},
{"type":"TWR","freq":126.95,"desc":"MUNCHEN INFO"},
{"type":"TWR","freq":124.97,"desc":"TWR"},
{"type":"APP","freq":128.25,"desc":"MUNCHEN RADAR"}
]
}
