{"success":true,"source":"xp2cvs.pl","last_updated":"2013/03/06 18:03:30 UTC"
,"icao":"EDMO","name":"Oberpfaffenhofen","lat":48.0816195,"lon":11.283418,"rwys":1,"ils":1
,"runways":[
{"len_m":2285,"wid_m":44.81,"hdg":42,"surf":"Asphalt","rwy1":"04","lat1":48.07403600,"lon1":011.27306400,"rwy2":"22","lat2":48.08920300,"lon2":011.29377200}
]
,"radios":[
{"type":"TWR","freq":126.95,"desc":"MUNCHEN INFO"},
{"type":"TWR","freq":119.55,"desc":"TWR"},
{"type":"TWR","freq":122.1,"desc":"TWR"},
{"type":"APP","freq":127.95,"desc":"MUNCHEN RADAR"},
{"type":"APP","freq":120.77,"desc":"MUNCHEN ARR"}
]
}
