{"success":true,"source":"xp2cvs.pl","last_updated":"2013/03/06 18:03:30 UTC"
,"icao":"EDNY","name":"Friedrichshafen","lat":47.6713165,"lon":9.5114875,"rwys":1,"ils":2
,"runways":[
{"len_m":2355,"wid_m":45.11,"hdg":60,"surf":"Asphalt","rwy1":"06","lat1":47.66603600,"lon1":009.49788900,"rwy2":"24","lat2":47.67659700,"lon2":009.52508600}
]
,"radios":[
{"type":"ATIS","freq":129.6,"desc":"ATIS"},
{"type":"TWR","freq":120.07,"desc":"TWR"},
{"type":"TWR","freq":124.35,"desc":"TWR"},
{"type":"APP","freq":119.92,"desc":"ZURICH ARR"}
]
}
