{"success":true,"source":"xp2cvs.pl","last_updated":"2013/03/06 18:03:30 UTC"
,"icao":"EDOP","name":"Schwerin Parchim","lat":53.426997,"lon":11.7834375,"rwys":1,"ils":1
,"runways":[
{"len_m":2999,"wid_m":54.86,"hdg":65,"surf":"Concrete","rwy1":"06","lat1":53.42130800,"lon1":011.76298100,"rwy2":"24","lat2":53.43268600,"lon2":011.80389400}
]
,"radios":[
{"type":"TWR","freq":132.65,"desc":"BERLIN INFO"},
{"type":"TWR","freq":128.9,"desc":"PARCHIM INFO"},
{"type":"TWR","freq":128.9,"desc":"PARCHIM TWR"},
{"type":"APP","freq":126.17,"desc":"BERLIN RADAR"}
]
}
