{"success":true,"source":"xp2cvs.pl","last_updated":"2013/03/06 18:03:30 UTC"
,"icao":"EDQM","name":"Hof Plauen","lat":50.288643,"lon":11.854065,"rwys":1,"ils":1
,"runways":[
{"len_m":1480,"wid_m":29.87,"hdg":86,"surf":"Asphalt","rwy1":"09","lat1":50.28826900,"lon1":011.84369700,"rwy2":"27","lat2":50.28901700,"lon2":011.86443300}
]
,"radios":[
{"type":"TWR","freq":125.8,"desc":"MUNCHEN INFO"},
{"type":"TWR","freq":124.35,"desc":"TWR"},
{"type":"APP","freq":118.97,"desc":"MUNCHEN RADAR"}
]
}
