{"success":true,"source":"xp2cvs.pl","last_updated":"2013/03/06 18:03:30 UTC"
,"icao":"EDRZ","name":"Zqw","lat":49.209522615,"lon":7.400659055,"rwys":1,"ils":2
,"runways":[
{"len_m":2949,"wid_m":49.99,"hdg":30,"surf":"Asphalt","rwy1":"3","lat1":49.19804800,"lon1":007.39051830,"rwy2":"21","lat2":49.22099723,"lon2":007.41079981}
]
,"radios":[
{"type":"TWR","freq":123.52,"desc":"LANGEN INFO"},
{"type":"TWR","freq":123.82,"desc":"TWR"},
{"type":"APP","freq":129.67,"desc":"LANGEN RADAR"}
]
}
