{"success":true,"source":"xp2cvs.pl","last_updated":"2013/03/06 18:03:30 UTC"
,"icao":"EDSB","name":"Karlsruhe Baden Baden","lat":48.779257,"lon":8.0806415,"rwys":1,"ils":2
,"runways":[
{"len_m":2988,"wid_m":45.11,"hdg":31,"surf":"Asphalt","rwy1":"03","lat1":48.76783300,"lon1":008.06993600,"rwy2":"21","lat2":48.79068100,"lon2":008.09134700}
]
,"radios":[
{"type":"ATIS","freq":121.27,"desc":"BADEN ATIS"},
{"type":"GND","freq":121.82,"desc":"BADEN GND"},
{"type":"TWR","freq":125.87,"desc":"BADEN TWR"},
{"type":"TWR","freq":128.95,"desc":"LANGEN INFO"},
{"type":"APP","freq":119.45,"desc":"STRASSBOURG RADAR"}
]
}
