{"success":true,"source":"xp2cvs.pl","last_updated":"2013/03/06 18:03:30 UTC"
,"icao":"EDTL","name":"Lahr","lat":48.3692515,"lon":7.827725,"rwys":1,"ils":1
,"runways":[
{"len_m":2999,"wid_m":45.11,"hdg":28,"surf":"Asphalt","rwy1":"03","lat1":48.35737500,"lon1":007.81813100,"rwy2":"21","lat2":48.38112800,"lon2":007.83731900}
]
,"radios":[
{"type":"TWR","freq":128.95,"desc":"LANGEN INFO"},
{"type":"TWR","freq":125.17,"desc":"TWR"},
{"type":"APP","freq":119.45,"desc":"STRASSBOURG RADAR"}
]
}
