{"success":true,"source":"xp2cvs.pl","last_updated":"2013/03/06 18:03:30 UTC"
,"icao":"EDTY","name":"Schwabisch Hall","lat":49.1184735,"lon":9.78523875,"rwys":2,"ils":1
,"runways":[
{"len_m":1540,"wid_m":29.87,"hdg":98,"surf":"Concrete","rwy1":"10","lat1":49.11940700,"lon1":009.77320600,"rwy2":"28","lat2":49.11729200,"lon2":009.79405700},
{"len_m":756,"wid_m":29.87,"hdg":98,"surf":"Turf/grass","rwy1":"10L","lat1":49.11912800,"lon1":009.78173100,"rwy2":"28R","lat2":49.11806700,"lon2":009.79196100}
]
,"radios":[
{"type":"TWR","freq":129.22,"desc":"INFO"},
{"type":"TWR","freq":128.95,"desc":"LANGEN INFO"},
{"type":"APP","freq":125.05,"desc":"LANGEN RADAR"}
]
}
