{"success":true,"source":"xp2cvs.pl","last_updated":"2013/03/06 18:03:30 UTC"
,"icao":"EDVE","name":"Braunschweig-wolfsburg","lat":52.3184355,"lon":10.55474175,"rwys":2,"ils":1
,"runways":[
{"len_m":1679,"wid_m":29.87,"hdg":84,"surf":"Asphalt","rwy1":"08","lat1":52.31842500,"lon1":010.54210300,"rwy2":"26","lat2":52.31973900,"lon2":010.56664700},
{"len_m":901,"wid_m":29.87,"hdg":84,"surf":"Turf/grass","rwy1":"08R","lat1":52.31740600,"lon1":010.54852500,"rwy2":"26L","lat2":52.31817200,"lon2":010.56169200}
]
,"radios":[
{"type":"TWR","freq":119.82,"desc":"BREMEN INFO"},
{"type":"TWR","freq":120.05,"desc":"INFO"},
{"type":"TWR","freq":120.05,"desc":"TWR"}
]
}
