{"success":true,"source":"xp2cvs.pl","last_updated":"2013/03/06 18:03:30 UTC"
,"icao":"EDXW","name":"Westerland Sylt","lat":54.91243275,"lon":8.34153575,"rwys":2,"ils":1
,"runways":[
{"len_m":2119,"wid_m":45.11,"hdg":144,"surf":"Asphalt","rwy1":"14","lat1":54.91934700,"lon1":008.33288302,"rwy2":"32","lat2":54.90385000,"lon2":008.35209402},
{"len_m":1696,"wid_m":45.11,"hdg":59,"surf":"Asphalt","rwy1":"06","lat1":54.90941700,"lon1":008.32917198,"rwy2":"24","lat2":54.91711700,"lon2":008.35199398}
]
,"radios":[
{"type":"ATIS","freq":118.4,"desc":"SYLT ATIS"},
{"type":"TWR","freq":119.75,"desc":"SYLT TWR"},
{"type":"APP","freq":120.23,"desc":"BREMEN RADAR"}
]
}
