{"success":true,"source":"xp2cvs.pl","last_updated":"2013/03/06 18:03:30 UTC"
,"icao":"EFHA","name":"Halli","lat":61.856049,"lon":24.7866125,"rwys":1,"ils":1
,"runways":[
{"len_m":2601,"wid_m":60.05,"hdg":86,"surf":"Asphalt","rwy1":"08","lat1":61.85525600,"lon1":024.76196400,"rwy2":"26","lat2":61.85684200,"lon2":024.81126100}
]
,"radios":[
{"type":"TWR","freq":119.7,"desc":"TWR"},
{"type":"TWR","freq":128.9,"desc":"TWR"},
{"type":"APP","freq":124.55,"desc":"APP"},
{"type":"APP","freq":119.7,"desc":"APP"}
]
}
