{"success":true,"source":"xp2cvs.pl","last_updated":"2013/03/06 18:03:30 UTC"
,"icao":"EFHK","name":"Helsinki Vantaa","lat":60.3205686666667,"lon":24.9526675,"rwys":3,"ils":5
,"runways":[
{"len_m":3200,"wid_m":60.05,"hdg":47,"surf":"Asphalt","rwy1":"04R","lat1":60.31129200,"lon1":024.93637200,"rwy2":"22L","lat2":60.33068900,"lon2":024.97908900},
{"len_m":3000,"wid_m":60.05,"hdg":47,"surf":"Asphalt","rwy1":"04L","lat1":60.31294700,"lon1":024.90386900,"rwy2":"22R","lat2":60.33114200,"lon2":024.94389200},
{"len_m":2900,"wid_m":60.05,"hdg":153,"surf":"Asphalt","rwy1":"15","lat1":60.33027500,"lon1":024.96449700,"rwy2":"33","lat2":60.30706700,"lon2":024.98828600}
]
,"radios":[
{"type":"ATIS","freq":135.07,"desc":"ATIS"},
{"type":"CLD","freq":118.12,"desc":"CLNC DEL"},
{"type":"GND","freq":121.8,"desc":"GND"},
{"type":"TWR","freq":119.7,"desc":"TWR"},
{"type":"APP","freq":129.85,"desc":"APP"}
]
}
