{"success":true,"source":"xp2cvs.pl","last_updated":"2013/03/06 18:03:30 UTC"
,"icao":"EFIV","name":"Ivalo","lat":68.60661475,"lon":27.419231,"rwys":2,"ils":1
,"runways":[
{"len_m":2499,"wid_m":45.11,"hdg":46,"surf":"Asphalt","rwy1":"04","lat1":68.59962800,"lon1":027.38288900,"rwy2":"22","lat2":68.61490600,"lon2":027.42778300},
{"len_m":800,"wid_m":45.11,"hdg":92,"surf":"Asphalt","rwy1":"08","lat1":68.60610000,"lon1":027.42330800,"rwy2":"26","lat2":68.60582500,"lon2":027.44294400}
]
,"radios":[
{"type":"ATIS","freq":123.2,"desc":"ATIS"},
{"type":"TWR","freq":119.7,"desc":"TWR"}
]
}
