{"success":true,"source":"xp2cvs.pl","last_updated":"2013/03/06 18:03:30 UTC"
,"icao":"EFJO","name":"Joensuu","lat":62.65874375,"lon":29.61397775,"rwys":2,"ils":1
,"runways":[
{"len_m":2499,"wid_m":52.12,"hdg":110,"surf":"Asphalt","rwy1":"10","lat1":62.66458900,"lon1":029.59766400,"rwy2":"28","lat2":62.65680000,"lon2":029.64339400},
{"len_m":1199,"wid_m":29.87,"hdg":180,"surf":"Dirt","rwy1":"17","lat1":62.66217500,"lon1":029.60756100,"rwy2":"35","lat2":62.65141100,"lon2":029.60729200}
]
,"radios":[
{"type":"TWR","freq":119.7,"desc":"TWR"},
{"type":"TWR","freq":120.9,"desc":"TWR"}
]
}
