{"success":true,"source":"xp2cvs.pl","last_updated":"2013/03/06 18:03:30 UTC"
,"icao":"EFJY","name":"Jyvaskyla","lat":62.3994515,"lon":25.67825,"rwys":1,"ils":1
,"runways":[
{"len_m":2601,"wid_m":60.05,"hdg":133,"surf":"Asphalt","rwy1":"12","lat1":62.40755000,"lon1":025.66013900,"rwy2":"30","lat2":62.39135300,"lon2":025.69636100}
]
,"radios":[
{"type":"ATIS","freq":134.15,"desc":"ATIS"},
{"type":"TWR","freq":119.7,"desc":"TWR"},
{"type":"TWR","freq":118,"desc":"TWR"},
{"type":"APP","freq":119.7,"desc":"APP"},
{"type":"APP","freq":127,"desc":"APP"}
]
}
