{"success":true,"source":"xp2cvs.pl","last_updated":"2013/03/06 18:03:30 UTC"
,"icao":"EFKA","name":"Kauhava","lat":63.1270775,"lon":23.0514415,"rwys":1,"ils":1
,"runways":[
{"len_m":2700,"wid_m":60.05,"hdg":176,"surf":"Asphalt","rwy1":"17","lat1":63.13917200,"lon1":023.04999700,"rwy2":"35","lat2":63.11498300,"lon2":023.05288600}
]
,"radios":[
{"type":"TWR","freq":119.7,"desc":"TWR"},
{"type":"TWR","freq":122.8,"desc":"TWR"},
{"type":"APP","freq":130.1,"desc":"APP"},
{"type":"APP","freq":119.7,"desc":"APP"},
{"type":"APP","freq":126.6,"desc":"APP"},
{"type":"APP","freq":128.15,"desc":"ARRIVAL"},
{"type":"APP","freq":119.7,"desc":"ARRIVAL"}
]
}
