{"success":true,"source":"xp2cvs.pl","last_updated":"2013/03/06 18:03:30 UTC"
,"icao":"EFKK","name":"Kruunupyy","lat":63.7206395,"lon":23.13971325,"rwys":2,"ils":1
,"runways":[
{"len_m":2499,"wid_m":60.05,"hdg":10,"surf":"Asphalt","rwy1":"01","lat1":63.70784700,"lon1":023.13815800,"rwy2":"19","lat2":63.72988600,"lon2":023.14750000},
{"len_m":699,"wid_m":20.12,"hdg":112,"surf":"Asphalt","rwy1":"11","lat1":63.72363900,"lon1":023.13008100,"rwy2":"29","lat2":63.72118600,"lon2":023.14311400}
]
,"radios":[
{"type":"ATIS","freq":125.02,"desc":"ATIS"},
{"type":"TWR","freq":119.7,"desc":"TWR"},
{"type":"TWR","freq":120.1,"desc":"TWR"}
]
}
