{"success":true,"source":"xp2cvs.pl","last_updated":"2013/03/06 18:03:30 UTC"
,"icao":"EFKT","name":"Kittila","lat":67.7010225,"lon":24.8468485,"rwys":1,"ils":1
,"runways":[
{"len_m":2500,"wid_m":45.11,"hdg":166,"surf":"Asphalt","rwy1":"16","lat1":67.71190300,"lon1":024.83976400,"rwy2":"34","lat2":67.69014200,"lon2":024.85393300}
]
,"radios":[
{"type":"ATIS","freq":133.85,"desc":"ATIS"},
{"type":"TWR","freq":119.7,"desc":"AFIS"},
{"type":"TWR","freq":118.95,"desc":"AFIS"},
{"type":"TWR","freq":119.7,"desc":"AFIS"}
]
}
