{"success":true,"source":"xp2cvs.pl","last_updated":"2013/03/06 18:03:30 UTC"
,"icao":"EFKU","name":"Kuopio","lat":63.00694525,"lon":27.79869925,"rwys":2,"ils":1
,"runways":[
{"len_m":2799,"wid_m":60.05,"hdg":157,"surf":"Asphalt","rwy1":"15","lat1":63.01808100,"lon1":027.78764400,"rwy2":"33","lat2":62.99492800,"lon2":027.80907500},
{"len_m":1499,"wid_m":45.11,"hdg":67,"surf":"Asphalt","rwy1":"06","lat1":63.00480000,"lon1":027.78537200,"rwy2":"24","lat2":63.00997200,"lon2":027.81270600}
]
,"radios":[
{"type":"TWR","freq":119.7,"desc":"TWR"},
{"type":"TWR","freq":120.15,"desc":"TWR"},
{"type":"APP","freq":130.6,"desc":"APP"},
{"type":"APP","freq":119.7,"desc":"APP"}
]
}
