{"success":true,"source":"xp2cvs.pl","last_updated":"2013/03/06 18:03:30 UTC"
,"icao":"EFOU","name":"Oulu","lat":64.9300585,"lon":25.3545595,"rwys":1,"ils":1
,"runways":[
{"len_m":2501,"wid_m":60.05,"hdg":120,"surf":"Asphalt","rwy1":"12","lat1":64.93583600,"lon1":025.33189400,"rwy2":"30","lat2":64.92428100,"lon2":025.37722500}
]
,"radios":[
{"type":"ATIS","freq":135.44,"desc":"ATIS"},
{"type":"ATIS","freq":135.45,"desc":"ATIS"},
{"type":"TWR","freq":119.7,"desc":"TWR"},
{"type":"TWR","freq":124.4,"desc":"TWR"}
]
}
