{"success":true,"source":"xp2cvs.pl","last_updated":"2013/03/06 18:03:30 UTC"
,"icao":"EFPO","name":"Pori","lat":61.4611745,"lon":21.79925475,"rwys":2,"ils":1
,"runways":[
{"len_m":2351,"wid_m":60.05,"hdg":125,"surf":"Asphalt","rwy1":"12","lat1":61.46811400,"lon1":021.78134400,"rwy2":"30","lat2":61.45577500,"lon2":021.81711900},
{"len_m":800,"wid_m":29.87,"hdg":173,"surf":"Asphalt","rwy1":"17","lat1":61.46397800,"lon1":021.79847800,"rwy2":"35","lat2":61.45683100,"lon2":021.80007800}
]
,"radios":[
{"type":"TWR","freq":119.25,"desc":"TWR"},
{"type":"TWR","freq":119.7,"desc":"TWR"}
]
}
