{"success":true,"source":"xp2cvs.pl","last_updated":"2013/03/06 18:03:30 UTC"
,"icao":"EFRO","name":"Rovaniemi","lat":66.564822,"lon":25.8304195,"rwys":1,"ils":1
,"runways":[
{"len_m":3001,"wid_m":60.05,"hdg":37,"surf":"Asphalt","rwy1":"03","lat1":66.55410000,"lon1":025.80998600,"rwy2":"21","lat2":66.57554400,"lon2":025.85085300}
]
,"radios":[
{"type":"GND","freq":118.52,"desc":"GND"},
{"type":"TWR","freq":119.7,"desc":"TWR"},
{"type":"TWR","freq":118.7,"desc":"TWR"},
{"type":"APP","freq":125.8,"desc":"APP"},
{"type":"APP","freq":129.9,"desc":"APP"}
]
}
