{"success":true,"source":"xp2cvs.pl","last_updated":"2013/03/06 18:03:30 UTC"
,"icao":"EFSI","name":"Seinajoki","lat":62.6921195,"lon":22.832325,"rwys":1,"ils":1
,"runways":[
{"len_m":1542,"wid_m":29.87,"hdg":136,"surf":"Asphalt","rwy1":"14","lat1":62.69711400,"lon1":022.82189400,"rwy2":"32","lat2":62.68712500,"lon2":022.84275600}
]
,"radios":[
{"type":"TWR","freq":123.6,"desc":"AFIS"},
{"type":"TWR","freq":119.7,"desc":"AFIS"},
{"type":"TWR","freq":119.7,"desc":"KAUHAVA TWR"},
{"type":"TWR","freq":122.8,"desc":"KAUHAVA TWR"},
{"type":"APP","freq":130.1,"desc":"KAUHAVA APP"},
{"type":"APP","freq":126.6,"desc":"KAUHAVA APP"},
{"type":"APP","freq":128.15,"desc":"KAUHAVA RADAR"},
{"type":"APP","freq":119.7,"desc":"KAUHAVA RADAR"}
]
}
