{"success":true,"source":"xp2cvs.pl","last_updated":"2013/03/06 18:03:30 UTC"
,"icao":"EFTP","name":"Tampere Pirkkala","lat":61.4141455,"lon":23.604397,"rwys":1,"ils":1
,"runways":[
{"len_m":2700,"wid_m":45.11,"hdg":64,"surf":"Asphalt","rwy1":"06","lat1":61.40892200,"lon1":023.58158600,"rwy2":"24","lat2":61.41936900,"lon2":023.62720800}
]
,"radios":[
{"type":"ATIS","freq":133.55,"desc":"ATIS"},
{"type":"TWR","freq":118.7,"desc":"PIRKKALA TWR"},
{"type":"TWR","freq":119.7,"desc":"PIRKKALA TWR"},
{"type":"APP","freq":126.2,"desc":"PIRKKALA APP"},
{"type":"APP","freq":119.7,"desc":"PIRKKALA APP"}
]
}
