{"success":true,"source":"xp2cvs.pl","last_updated":"2013/03/06 18:03:30 UTC"
,"icao":"EGAA","name":"Belfast Aldergrove","lat":54.653878,"lon":-6.22000625,"rwys":2,"ils":2
,"runways":[
{"len_m":2779,"wid_m":45.11,"hdg":65,"surf":"Asphalt","rwy1":"07","lat1":54.65225600,"lon1":-006.23523900,"rwy2":"25","lat2":54.66277800,"lon2":-006.19617800},
{"len_m":1799,"wid_m":45.11,"hdg":161,"surf":"Asphalt","rwy1":"17","lat1":54.65792200,"lon1":-006.22862200,"rwy2":"35","lat2":54.64255600,"lon2":-006.21998600}
]
,"radios":[
{"type":"ATIS","freq":128.19,"desc":"ATIS"},
{"type":"ATIS","freq":128.2,"desc":"ATIS"},
{"type":"GND","freq":121.75,"desc":"GND"},
{"type":"TWR","freq":118.3,"desc":"TWR"},
{"type":"TWR","freq":128.8,"desc":"unnamed entity"},
{"type":"APP","freq":120.9,"desc":"DIRECTOR"},
{"type":"APP","freq":128.5,"desc":"APP"}
]
}
