{"success":true,"source":"xp2cvs.pl","last_updated":"2013/03/06 18:03:30 UTC"
,"icao":"EGAC","name":"Belfast City","lat":54.618108,"lon":-5.872575,"rwys":1,"ils":1
,"runways":[
{"len_m":1834,"wid_m":45.11,"hdg":34,"surf":"Asphalt","rwy1":"04","lat1":54.61135800,"lon1":-005.88071900,"rwy2":"22","lat2":54.62485800,"lon2":-005.86443100}
]
,"radios":[
{"type":"ATIS","freq":136.62,"desc":"ATIS"},
{"type":"TWR","freq":122.82,"desc":"BELFAST TWR"},
{"type":"APP","freq":130.85,"desc":"BELFAST APP"}
]
}
