{"success":true,"source":"xp2cvs.pl","last_updated":"2013/03/06 18:03:30 UTC"
,"icao":"EGBB","name":"Birmingham","lat":52.455966165,"lon":-1.750378085,"rwys":1,"ils":2
,"runways":[
{"len_m":2587,"wid_m":46.02,"hdg":145,"surf":"Asphalt","rwy1":"15","lat1":52.46558210,"lon1":-001.76106982,"rwy2":"33","lat2":52.44635023,"lon2":-001.73968635}
]
,"radios":[
{"type":"ATIS","freq":136.02,"desc":"ATIS"},
{"type":"CLD","freq":121.92,"desc":"CLNC DEL"},
{"type":"GND","freq":121.8,"desc":"GND"},
{"type":"TWR","freq":118.3,"desc":"TWR"},
{"type":"APP","freq":131,"desc":"APP"}
]
}
