{"success":true,"source":"xp2cvs.pl","last_updated":"2013/03/06 18:03:30 UTC"
,"icao":"EGBE","name":"Coventry","lat":52.3704363,"lon":-1.478572995,"rwys":1,"ils":2
,"runways":[
{"len_m":1820,"wid_m":46.02,"hdg":47,"surf":"Asphalt","rwy1":"05","lat1":52.36489395,"lon1":-001.48840311,"rwy2":"23","lat2":52.37597865,"lon2":-001.46874288}
]
,"radios":[
{"type":"ATIS","freq":126.05,"desc":"ATIS"},
{"type":"GND","freq":121.7,"desc":"GND"},
{"type":"TWR","freq":119.25,"desc":"TWR"},
{"type":"TWR","freq":124.8,"desc":"TWR"},
{"type":"APP","freq":119.25,"desc":"APP"}
]
}
