{"success":true,"source":"xp2cvs.pl","last_updated":"2013/03/06 18:03:30 UTC"
,"icao":"EGCC","name":"Manchester Intl","lat":53.3471407825,"lon":-2.2839538575,"rwys":2,"ils":3
,"runways":[
{"len_m":3048,"wid_m":46.02,"hdg":51,"surf":"Asphalt","rwy1":"05L","lat1":53.34513711,"lon1":-002.29276784,"rwy2":"23R","lat2":53.36234813,"lon2":-002.25715289},
{"len_m":3039,"wid_m":46.02,"hdg":51,"surf":"Asphalt","rwy1":"05R","lat1":53.33195488,"lon1":-002.31069218,"rwy2":"23L","lat2":53.34912301,"lon2":-002.27520252}
]
,"radios":[
{"type":"ATIS","freq":121.97,"desc":"ATIS"},
{"type":"ATIS","freq":128.17,"desc":"ATIS"},
{"type":"GND","freq":121.7,"desc":"DEL"},
{"type":"GND","freq":121.85,"desc":"GND"},
{"type":"TWR","freq":118.62,"desc":"TWR"},
{"type":"TWR","freq":119.52,"desc":"TWR"},
{"type":"APP","freq":118.57,"desc":"APP"},
{"type":"APP","freq":121.35,"desc":"APP"},
{"type":"APP","freq":119.4,"desc":"APP"}
]
}
