{"success":true,"source":"xp2cvs.pl","last_updated":"2013/03/06 18:03:30 UTC"
,"icao":"EGDC","name":"Royal Marines Base Chivenor","lat":51.0894390616667,"lon":-4.15270989166667,"rwys":3,"ils":1
,"runways":[
{"len_m":1826,"wid_m":45.11,"hdg":89,"surf":"Asphalt","rwy1":"09","lat1":51.08717474,"lon1":-004.16339693,"rwy2":"27","lat2":51.08723078,"lon2":-004.13732528},
{"len_m":1221,"wid_m":45.11,"hdg":330,"surf":"Asphalt","rwy1":"15","lat1":51.08553720,"lon1":-004.14823029,"rwy2":"33","lat2":51.09508320,"lon2":-004.15684829},
{"len_m":905,"wid_m":45.11,"hdg":29,"surf":"Asphalt","rwy1":"03","lat1":51.08724720,"lon1":-004.15836731,"rwy2":"21","lat2":51.09436125,"lon2":-004.15209125}
]
,"radios":[
{"type":"ATIS","freq":130.35,"desc":"ATIS"},
{"type":"GND","freq":130.19,"desc":"Chevenor GND"},
{"type":"TWR","freq":130.19,"desc":"Chevenor TWR"}
]
}
