{"success":true,"source":"xp2cvs.pl","last_updated":"2013/03/06 18:03:30 UTC"
,"icao":"EGDL","name":"Raf Lyneham","lat":51.5053925,"lon":-1.992419005,"rwys":2,"ils":1
,"runways":[
{"len_m":2385,"wid_m":46.02,"hdg":60,"surf":"Asphalt","rwy1":"06","lat1":51.50218246,"lon1":-002.01095615,"rwy2":"24","lat2":51.51283154,"lon2":-001.98114187},
{"len_m":1826,"wid_m":46.02,"hdg":174,"surf":"Asphalt","rwy1":"18","lat1":51.51145314,"lon1":-001.98994957,"rwy2":"36","lat2":51.49510286,"lon2":-001.98762843}
]
,"radios":[
{"type":"GND","freq":129.47,"desc":"GND"},
{"type":"TWR","freq":119.22,"desc":"TWR"},
{"type":"APP","freq":118.42,"desc":"APP"},
{"type":"APP","freq":135.15,"desc":"CAC"}
]
}
