{"success":true,"source":"xp2cvs.pl","last_updated":"2013/03/06 18:03:30 UTC"
,"icao":"EGDM","name":"Boscombe Down","lat":51.153230895,"lon":-1.74544444166667,"rwys":3,"ils":1
,"runways":[
{"len_m":3154,"wid_m":45.11,"hdg":50,"surf":"Asphalt","rwy1":"05","lat1":51.14413916,"lon1":-001.76855160,"rwy2":"23","lat2":51.16230565,"lon2":-001.73392816},
{"len_m":802,"wid_m":11.89,"hdg":50,"surf":"Asphalt","rwy1":"05L","lat1":51.15075532,"lon1":-001.75893600,"rwy2":"23R","lat2":51.15536805,"lon2":-001.75012095},
{"len_m":1873,"wid_m":45.11,"hdg":166,"surf":"Asphalt","rwy1":"17","lat1":51.16159737,"lon1":-001.73367641,"rwy2":"35","lat2":51.14521982,"lon2":-001.72745353}
]
,"radios":[
{"type":"GND","freq":130.75,"desc":"Boscombe Ground"},
{"type":"TWR","freq":130.75,"desc":"Boscombe Tower"},
{"type":"APP","freq":126.7,"desc":"Boscombe Zone"},
{"type":"APP","freq":130,"desc":"Boscombe Approach"}
]
}
