{"success":true,"source":"xp2cvs.pl","last_updated":"2013/03/06 18:03:30 UTC"
,"icao":"EGFF","name":"Cardiff","lat":51.39656475,"lon":-3.343201845,"rwys":1,"ils":2
,"runways":[
{"len_m":2392,"wid_m":39.93,"hdg":116,"surf":"Asphalt","rwy1":"12","lat1":51.40140811,"lon1":-003.35854787,"rwy2":"30","lat2":51.39172139,"lon2":-003.32785582}
]
,"radios":[
{"type":"ATIS","freq":132.48,"desc":"Cardiff Information"},
{"type":"GND","freq":125.85,"desc":"Cardiff Radar"},
{"type":"TWR","freq":133.1,"desc":"Cardiff Tower"},
{"type":"APP","freq":119.15,"desc":"Cardiff Approach"}
]
}
