{"success":true,"source":"xp2cvs.pl","last_updated":"2013/03/06 18:03:30 UTC"
,"icao":"EGGD","name":"Bristol International","lat":51.382657715,"lon":-2.71891769,"rwys":1,"ils":2
,"runways":[
{"len_m":2034,"wid_m":45.11,"hdg":86,"surf":"Asphalt","rwy1":"09","lat1":51.38209016,"lon1":-002.73350061,"rwy2":"27","lat2":51.38322527,"lon2":-002.70433477}
]
,"radios":[
{"type":"ATIS","freq":126.02,"desc":"EGGD ATIS"},
{"type":"TWR","freq":133.85,"desc":"BRISTOL TWR"},
{"type":"APP","freq":128.55,"desc":"BRISTOL APP"},
{"type":"APP","freq":136.07,"desc":"BRISTOL APP"}
]
}
