{"success":true,"source":"xp2cvs.pl","last_updated":"2013/03/06 18:03:30 UTC"
,"icao":"EGGP","name":"Liverpool","lat":53.333632235,"lon":-2.8497694,"rwys":1,"ils":2
,"runways":[
{"len_m":2282,"wid_m":46.02,"hdg":85,"surf":"Asphalt","rwy1":"09","lat1":53.33284747,"lon1":-002.86684980,"rwy2":"27","lat2":53.33441700,"lon2":-002.83268900}
]
,"radios":[
{"type":"ATIS","freq":124.32,"desc":"ATIS"},
{"type":"GND","freq":121.95,"desc":"GND"},
{"type":"TWR","freq":126.35,"desc":"TWR"},
{"type":"APP","freq":119.85,"desc":"APP"}
]
}
