{"success":true,"source":"xp2cvs.pl","last_updated":"2013/03/06 18:03:30 UTC"
,"icao":"EGGW","name":"London Luton","lat":51.87462863,"lon":-0.36845026,"rwys":1,"ils":2
,"runways":[
{"len_m":2159,"wid_m":46.02,"hdg":74,"surf":"Asphalt","rwy1":"08","lat1":51.87201894,"lon1":-000.38355240,"rwy2":"26","lat2":51.87723832,"lon2":-000.35334812}
]
,"radios":[
{"type":"ATIS","freq":120.57,"desc":"Arrival and Departure Information"},
{"type":"GND","freq":121.75,"desc":"Luton ground"},
{"type":"TWR","freq":126.72,"desc":"Luton tower"},
{"type":"TWR","freq":132.55,"desc":"Luton Tower"},
{"type":"APP","freq":128.75,"desc":"Luton Radar"},
{"type":"APP","freq":129.55,"desc":"Luton Radar"}
]
}
