{"success":true,"source":"xp2cvs.pl","last_updated":"2013/03/06 18:03:30 UTC"
,"icao":"EGHH","name":"Bournemouth","lat":50.78006542,"lon":-1.842532825,"rwys":1,"ils":2
,"runways":[
{"len_m":2273,"wid_m":46.02,"hdg":75,"surf":"Asphalt","rwy1":"08","lat1":50.77747484,"lon1":-001.85812665,"rwy2":"26","lat2":50.78265600,"lon2":-001.82693900}
]
,"radios":[
{"type":"ATIS","freq":133.72,"desc":"Bournemouth Information"},
{"type":"GND","freq":121.7,"desc":"Bournemouth Ground"},
{"type":"TWR","freq":119.47,"desc":"Bournemouth Radar"},
{"type":"TWR","freq":125.6,"desc":"Bournemouth Tower"},
{"type":"APP","freq":119.47,"desc":"Bournemouth Approach"}
]
}
