{"success":true,"source":"xp2cvs.pl","last_updated":"2013/03/06 18:03:30 UTC"
,"icao":"EGHQ","name":"Newquay","lat":50.44075878,"lon":-4.995334195,"rwys":1,"ils":1
,"runways":[
{"len_m":2751,"wid_m":45.11,"hdg":120,"surf":"Asphalt","rwy1":"12","lat1":50.44703900,"lon1":-005.01201400,"rwy2":"30","lat2":50.43447856,"lon2":-004.97865439}
]
,"radios":[
{"type":"ATIS","freq":127.4,"desc":"Newquay Information"},
{"type":"GND","freq":121.95,"desc":"Newquay Ground"},
{"type":"TWR","freq":127.92,"desc":"Newquay Radar"},
{"type":"TWR","freq":134.37,"desc":"Newquay Tower"},
{"type":"APP","freq":133.4,"desc":"Newquay Approach"}
]
}
