{"success":true,"source":"xp2cvs.pl","last_updated":"2013/03/06 18:03:30 UTC"
,"icao":"EGJB","name":"Guernsey","lat":49.4349545,"lon":-2.6019695,"rwys":1,"ils":2
,"runways":[
{"len_m":1452,"wid_m":45.11,"hdg":87,"surf":"Asphalt","rwy1":"09","lat1":49.43467800,"lon1":-002.61197500,"rwy2":"27","lat2":49.43523100,"lon2":-002.59196400}
]
,"radios":[
{"type":"GND","freq":121.8,"desc":"Guernsey Ground"},
{"type":"TWR","freq":119.95,"desc":"Guernsey Tower"},
{"type":"APP","freq":128.65,"desc":"Guernsey Approach"}
]
}
