{"success":true,"source":"xp2cvs.pl","last_updated":"2013/03/06 18:03:30 UTC"
,"icao":"EGJJ","name":"Jersey","lat":49.20796367,"lon":-2.19529431,"rwys":1,"ils":2
,"runways":[
{"len_m":1709,"wid_m":46.02,"hdg":82,"surf":"Asphalt","rwy1":"09","lat1":49.20699471,"lon1":-002.20692947,"rwy2":"27","lat2":49.20893263,"lon2":-002.18365915}
]
,"radios":[
{"type":"ATIS","freq":129.72,"desc":"Jersey Information"},
{"type":"GND","freq":121.9,"desc":"Jersey Ground"},
{"type":"TWR","freq":119.45,"desc":"Jersey Tower"},
{"type":"APP","freq":120.3,"desc":"Jersey Approach"}
]
}
