{"success":true,"source":"xp2cvs.pl","last_updated":"2013/03/06 18:03:30 UTC"
,"icao":"EGKB","name":"Biggin Hill","lat":51.32670994,"lon":0.0328758275,"rwys":2,"ils":1
,"runways":[
{"len_m":1804,"wid_m":45.11,"hdg":25,"surf":"Asphalt","rwy1":"03","lat1":51.32360828,"lon1":000.02685702,"rwy2":"21","lat2":51.33823399,"lon2":000.03803716},
{"len_m":788,"wid_m":17.98,"hdg":105,"surf":"Asphalt","rwy1":"11","lat1":51.32344130,"lon1":000.02785565,"rwy2":"29","lat2":51.32155619,"lon2":000.03875348}
]
,"radios":[
{"type":"ATIS","freq":121.87,"desc":"ATIS"},
{"type":"TWR","freq":134.8,"desc":"TWR"},
{"type":"APP","freq":129.4,"desc":"APP"},
{"type":"APP","freq":132.7,"desc":"THAMES RDR"}
]
}
