{"success":true,"source":"xp2cvs.pl","last_updated":"2013/03/06 18:03:30 UTC"
,"icao":"EGLC","name":"London City","lat":51.505230605,"lon":0.05517525,"rwys":1,"ils":2
,"runways":[
{"len_m":1507,"wid_m":29.87,"hdg":92,"surf":"Concrete","rwy1":"09","lat1":51.50557275,"lon1":000.04433540,"rwy2":"27","lat2":51.50488846,"lon2":000.06601510}
]
,"radios":[
{"type":"ATIS","freq":136.35,"desc":"City Information"},
{"type":"GND","freq":121.82,"desc":"City Ground"},
{"type":"TWR","freq":118.07,"desc":"City Tower"},
{"type":"TWR","freq":118.4,"desc":"City Tower"},
{"type":"APP","freq":132.7,"desc":"City Approach"}
]
}
