{"success":true,"source":"xp2cvs.pl","last_updated":"2013/03/06 18:03:30 UTC"
,"icao":"EGLF","name":"Farnborough","lat":51.27570368,"lon":-0.776589285,"rwys":1,"ils":2
,"runways":[
{"len_m":2440,"wid_m":46.02,"hdg":62,"surf":"Asphalt","rwy1":"06","lat1":51.27055885,"lon1":-000.79203376,"rwy2":"24","lat2":51.28084851,"lon2":-000.76114481}
]
,"radios":[
{"type":"ATIS","freq":128.4,"desc":"Farnborough Information"},
{"type":"TWR","freq":122.5,"desc":"Farnborough Tower"},
{"type":"APP","freq":130.05,"desc":"Farnborough Director"},
{"type":"APP","freq":134.35,"desc":"Farnborough Radar"},
{"type":"APP","freq":125.25,"desc":"Farnborough Radar"}
]
}
