{"success":true,"source":"xp2cvs.pl","last_updated":"2013/03/06 18:03:30 UTC"
,"icao":"EGLL","name":"London Heathrow","lat":51.468301015,"lon":-0.457598533333333,"rwys":2,"ils":4
,"runways":[
{"len_m":3915,"wid_m":49.99,"hdg":89,"surf":"Asphalt","rwy1":"09L","lat1":51.47747035,"lon1":-000.48962591,"rwy2":"27R","lat2":51.47767520,"lon2":-000.43326100},
{"len_m":3674,"wid_m":49.99,"hdg":89,"surf":"Asphalt","rwy1":"09R","lat1":51.46477398,"lon1":-000.48694615,"rwy2":"27L","lat2":51.46495200,"lon2":-000.43407800}
]
,"helipads":[
{"rwy1":"H1","len_m":29,"wid_m":29.87,"hdg":0,"surf":"Asphalt","lat1":-000.45084007,"lon1":-000.48694615}
]
,"radios":[
{"type":"ATIS","freq":128.07,"desc":"Heathrow Information"},
{"type":"CLD","freq":121.97,"desc":"Heathrow Delivery"},
{"type":"GND","freq":121.9,"desc":"Heathrow Ground"},
{"type":"TWR","freq":124.47,"desc":"Heathrow Tower"},
{"type":"APP","freq":134.97,"desc":"Heathrow Director"}
]
}
