{"success":true,"source":"xp2cvs.pl","last_updated":"2013/03/06 18:03:30 UTC"
,"icao":"EGMC","name":"Southend","lat":51.571442735,"lon":0.69558279,"rwys":1,"ils":1
,"runways":[
{"len_m":1597,"wid_m":36.88,"hdg":54,"surf":"Asphalt","rwy1":"06","lat1":51.56724102,"lon1":000.68624247,"rwy2":"24","lat2":51.57564445,"lon2":000.70492311}
]
,"radios":[
{"type":"ATIS","freq":136.05,"desc":"Southend Information"},
{"type":"TWR","freq":127.72,"desc":"Southend Tower"},
{"type":"APP","freq":130.77,"desc":"Southend Approach"},
{"type":"APP","freq":128.95,"desc":"Southend Radar"}
]
}
