{"success":true,"source":"xp2cvs.pl","last_updated":"2013/03/06 18:03:30 UTC"
,"icao":"EGMD","name":"Lydd","lat":50.956171425,"lon":0.93914688,"rwys":1,"ils":1
,"runways":[
{"len_m":1503,"wid_m":32.00,"hdg":32,"surf":"Asphalt","rwy1":"03","lat1":50.95048600,"lon1":000.93336400,"rwy2":"21","lat2":50.96185685,"lon2":000.94492976}
]
,"radios":[
{"type":"ATIS","freq":129.23,"desc":"Lydd Information"},
{"type":"TWR","freq":128.53,"desc":"Lydd Tower"},
{"type":"APP","freq":120.7,"desc":"Lydd Approach"}
]
}
