{"success":true,"source":"xp2cvs.pl","last_updated":"2013/03/06 18:03:30 UTC"
,"icao":"EGMH","name":"Manston","lat":51.3421375,"lon":1.3461945,"rwys":1,"ils":1
,"runways":[
{"len_m":2751,"wid_m":60.96,"hdg":101,"surf":"Asphalt","rwy1":"10","lat1":51.34455000,"lon1":001.32683100,"rwy2":"28","lat2":51.33972500,"lon2":001.36555800}
]
,"radios":[
{"type":"ATIS","freq":133.67,"desc":"Manston Information"},
{"type":"TWR","freq":119.92,"desc":"Manston Tower"},
{"type":"APP","freq":132.45,"desc":"Manston Approach"}
]
}
