{"success":true,"source":"xp2cvs.pl","last_updated":"2013/03/06 18:03:30 UTC"
,"icao":"EGNH","name":"Blackpool","lat":53.772382595,"lon":-3.03260877333333,"rwys":3,"ils":1
,"runways":[
{"len_m":1868,"wid_m":46.02,"hdg":94,"surf":"Asphalt","rwy1":"10","lat1":53.77223900,"lon1":-003.04268600,"rwy2":"28","lat2":53.77087800,"lon2":-003.01443900},
{"len_m":926,"wid_m":22.86,"hdg":127,"surf":"Asphalt","rwy1":"13","lat1":53.77371100,"lon1":-003.04196700,"rwy2":"31","lat2":53.76866400,"lon2":-003.03078900},
{"len_m":1284,"wid_m":29.87,"hdg":67,"surf":"Asphalt","rwy1":"07","lat1":53.77222534,"lon1":-003.04190947,"rwy2":"25","lat2":53.77657823,"lon2":-003.02386217}
]
,"radios":[
{"type":"ATIS","freq":127.2,"desc":"Blackpool Information"},
{"type":"TWR","freq":118.4,"desc":"Blackpool Tower"},
{"type":"APP","freq":119.95,"desc":"Blackpool Approach"}
]
}
