{"success":true,"source":"xp2cvs.pl","last_updated":"2013/03/06 18:03:30 UTC"
,"icao":"EGNJ","name":"Humberside","lat":53.5754526,"lon":-0.348192025,"rwys":2,"ils":1
,"runways":[
{"len_m":2198,"wid_m":45.11,"hdg":22,"surf":"Asphalt","rwy1":"03","lat1":53.56532800,"lon1":-000.35705800,"rwy2":"21","lat2":53.58359262,"lon2":-000.34442593},
{"len_m":1045,"wid_m":29.87,"hdg":82,"surf":"Asphalt","rwy1":"08","lat1":53.57582800,"lon1":-000.35346900,"rwy2":"26","lat2":53.57706178,"lon2":-000.33781517}
]
,"radios":[
{"type":"ATIS","freq":124.12,"desc":"Humberside Information"},
{"type":"TWR","freq":119.13,"desc":"Humberside Tower"},
{"type":"TWR","freq":124.9,"desc":"Humberside Tower"},
{"type":"APP","freq":119.12,"desc":"Humberside Approach"}
]
}
