{"success":true,"source":"xp2cvs.pl","last_updated":"2013/03/06 18:03:30 UTC"
,"icao":"EGNL","name":"Barrow Walney Island","lat":54.1280624775,"lon":-3.26327984375,"rwys":3,"ils":1
,"runways":[
{"len_m":1050,"wid_m":46.02,"hdg":49,"surf":"Asphalt","rwy1":"05","lat1":54.12399972,"lon1":-003.26758115,"rwy2":"23","lat2":54.13017914,"lon2":-003.25542925},
{"len_m":1011,"wid_m":45.11,"hdg":166,"surf":"Asphalt","rwy1":"17","lat1":54.13312500,"lon1":-003.26929400,"rwy2":"35","lat2":54.12430600,"lon2":-003.26557500},
{"len_m":1201,"wid_m":46.02,"hdg":112,"surf":"Asphalt","rwy1":"12","lat1":54.13312969,"lon1":-003.27178504,"rwy2":"30","lat2":54.12907441,"lon2":-003.25475093}
]
,"helipads":[
{"rwy1":"H1","len_m":14,"wid_m":14.94,"hdg":-3,"surf":"Concrete","lat1":-003.26091169,"lon1":-003.27178504}
]
,"radios":[
{"type":"TWR","freq":123.2,"desc":"Walney Information"}
]
}
