{"success":true,"source":"xp2cvs.pl","last_updated":"2013/03/06 18:03:30 UTC"
,"icao":"EGNM","name":"Leeds Bradford","lat":53.86602693,"lon":-1.6607778,"rwys":1,"ils":2
,"runways":[
{"len_m":2252,"wid_m":46.02,"hdg":137,"surf":"Concrete","rwy1":"14","lat1":53.87351414,"lon1":-001.67229209,"rwy2":"32","lat2":53.85853972,"lon2":-001.64926351}
]
,"radios":[
{"type":"ATIS","freq":118.02,"desc":"Leeds Information"},
{"type":"TWR","freq":120.3,"desc":"Leeds Tower"},
{"type":"APP","freq":125.57,"desc":"Leeds Approach"}
]
}
