{"success":true,"source":"xp2cvs.pl","last_updated":"2013/03/06 18:03:30 UTC"
,"icao":"EGNO","name":"Warton Aerodrome","lat":53.74493955,"lon":-2.883840365,"rwys":1,"ils":1
,"runways":[
{"len_m":2416,"wid_m":46.02,"hdg":71,"surf":"Asphalt","rwy1":"08","lat1":53.74143510,"lon1":-002.90117273,"rwy2":"26","lat2":53.74844400,"lon2":-002.86650800}
]
,"radios":[
{"type":"ATIS","freq":121.72,"desc":"Warton Terminal Information"},
{"type":"TWR","freq":130.8,"desc":"Warton Tower"},
{"type":"TWR","freq":129.52,"desc":"Warton Approach"}
]
}
