{"success":true,"source":"xp2cvs.pl","last_updated":"2013/03/06 18:03:30 UTC"
,"icao":"EGNR","name":"Hawarden","lat":53.17813,"lon":-2.97766389,"rwys":1,"ils":2
,"runways":[
{"len_m":2039,"wid_m":45.11,"hdg":40,"surf":"Asphalt","rwy1":"05","lat1":53.17121600,"lon1":-002.98766989,"rwy2":"23","lat2":53.18504400,"lon2":-002.96765789}
]
,"radios":[
{"type":"TWR","freq":124.95,"desc":"TWR"},
{"type":"TWR","freq":128.8,"desc":"unnamed entity"},
{"type":"APP","freq":123.35,"desc":"APP"}
]
}
