{"success":true,"source":"xp2cvs.pl","last_updated":"2013/03/06 18:03:30 UTC"
,"icao":"EGNS","name":"Isle Of Man Ronaldsway","lat":54.08283291,"lon":-4.6254751975,"rwys":2,"ils":2
,"runways":[
{"len_m":1838,"wid_m":46.02,"hdg":77,"surf":"Asphalt","rwy1":"08","lat1":54.08162612,"lon1":-004.63707741,"rwy2":"26","lat2":54.08507063,"lon2":-004.60959562},
{"len_m":1255,"wid_m":46.02,"hdg":27,"surf":"Asphalt","rwy1":"03","lat1":54.07733789,"lon1":-004.63211076,"rwy2":"21","lat2":54.08729700,"lon2":-004.62311700}
]
,"radios":[
{"type":"ATIS","freq":123.87,"desc":"Ronaldsway Information"},
{"type":"TWR","freq":118.9,"desc":"Ronaldsway Tower"},
{"type":"APP","freq":120.85,"desc":"Ronaldsway Approach"}
]
}
