{"success":true,"source":"xp2cvs.pl","last_updated":"2013/03/06 18:03:30 UTC"
,"icao":"EGNT","name":"Newcastle","lat":55.0379215,"lon":-1.68983288,"rwys":1,"ils":2
,"runways":[
{"len_m":2329,"wid_m":46.02,"hdg":65,"surf":"Asphalt","rwy1":"07","lat1":55.03353300,"lon1":-001.70636788,"rwy2":"25","lat2":55.04231000,"lon2":-001.67329788}
]
,"radios":[
{"type":"ATIS","freq":118.37,"desc":"ATIS"},
{"type":"GND","freq":121.72,"desc":"GND"},
{"type":"TWR","freq":119.7,"desc":"TWR"},
{"type":"APP","freq":124.37,"desc":"APP"}
]
}
