{"success":true,"source":"xp2cvs.pl","last_updated":"2013/03/06 18:03:30 UTC"
,"icao":"EGNV","name":"Durham Tees Valley","lat":54.5091905,"lon":-1.42943288,"rwys":1,"ils":2
,"runways":[
{"len_m":2291,"wid_m":45.11,"hdg":47,"surf":"Asphalt","rwy1":"05","lat1":54.50223100,"lon1":-001.44246088,"rwy2":"23","lat2":54.51615000,"lon2":-001.41640488}
]
,"radios":[
{"type":"ATIS","freq":136.2,"desc":"ATIS"},
{"type":"TWR","freq":119.8,"desc":"TWR"},
{"type":"APP","freq":118.85,"desc":"APP"}
]
}
