{"success":true,"source":"xp2cvs.pl","last_updated":"2013/03/06 18:03:30 UTC"
,"icao":"EGNX","name":"East Midlands","lat":52.830999195,"lon":-1.3281549,"rwys":1,"ils":2
,"runways":[
{"len_m":2892,"wid_m":46.02,"hdg":88,"surf":"Asphalt","rwy1":"09","lat1":52.83060808,"lon1":-001.34960370,"rwy2":"27","lat2":52.83139031,"lon2":-001.30670610}
]
,"radios":[
{"type":"ATIS","freq":128.23,"desc":"ATIS"},
{"type":"GND","freq":121.9,"desc":"GND"},
{"type":"TWR","freq":124,"desc":"TWR"},
{"type":"APP","freq":134.17,"desc":"APP"}
]
}
