{"success":true,"source":"xp2cvs.pl","last_updated":"2013/03/06 18:03:30 UTC"
,"icao":"EGOS","name":"Raf Shawbury","lat":52.79535075,"lon":-2.668726,"rwys":2,"ils":1
,"runways":[
{"len_m":1830,"wid_m":46.02,"hdg":179,"surf":"Asphalt","rwy1":"18","lat1":52.80185000,"lon1":-002.66798100,"rwy2":"36","lat2":52.78539700,"lon2":-002.66792800},
{"len_m":1375,"wid_m":46.02,"hdg":44,"surf":"Asphalt","rwy1":"05","lat1":52.79269200,"lon1":-002.67668100,"rwy2":"23","lat2":52.80146400,"lon2":-002.66231400}
]
,"radios":[
{"type":"TWR","freq":122.1,"desc":"Shawbury Tower"},
{"type":"APP","freq":126.5,"desc":"Shawbury Approach"},
{"type":"APP","freq":123.3,"desc":"Shawbury Director"}
]
}
