{"success":true,"source":"xp2cvs.pl","last_updated":"2013/03/06 18:03:30 UTC"
,"icao":"EGOV","name":"Raf Valley","lat":53.2485283266667,"lon":-4.53647285333333,"rwys":3,"ils":1
,"runways":[
{"len_m":2306,"wid_m":46.94,"hdg":130,"surf":"Asphalt","rwy1":"14","lat1":53.25387576,"lon1":-004.54656255,"rwy2":"32","lat2":53.24042212,"lon2":-004.52028578},
{"len_m":1668,"wid_m":47.85,"hdg":6,"surf":"Asphalt","rwy1":"01","lat1":53.24325645,"lon1":-004.54049179,"rwy2":"19","lat2":53.25816005,"lon2":-004.53780516},
{"len_m":1275,"wid_m":46.94,"hdg":69,"surf":"Asphalt","rwy1":"08","lat1":53.24574146,"lon1":-004.54581003,"rwy2":"26","lat2":53.24971412,"lon2":-004.52788181}
]
,"radios":[
{"type":"ATIS","freq":120.72,"desc":"ATIS"},
{"type":"GND","freq":122.1,"desc":"GND"},
{"type":"TWR","freq":122.1,"desc":"TWR"},
{"type":"APP","freq":134.35,"desc":"APP"},
{"type":"APP","freq":125.22,"desc":"RADAR"}
]
}
