{"success":true,"source":"xp2cvs.pl","last_updated":"2013/03/06 18:03:30 UTC"
,"icao":"EGPA","name":"Kirkwall","lat":58.9580834425,"lon":-2.9030152825,"rwys":2,"ils":2
,"runways":[
{"len_m":1451,"wid_m":46.02,"hdg":87,"surf":"Asphalt","rwy1":"09","lat1":58.95771688,"lon1":-002.91314708,"rwy2":"27","lat2":58.95830310,"lon2":-002.88794244},
{"len_m":679,"wid_m":17.98,"hdg":140,"surf":"Asphalt","rwy1":"15","lat1":58.96050600,"lon1":-002.90924888,"rwy2":"33","lat2":58.95580779,"lon2":-002.90172273}
]
,"radios":[
{"type":"TWR","freq":118.3,"desc":"TWR"},
{"type":"APP","freq":118.3,"desc":"APP"}
]
}
