{"success":true,"source":"xp2cvs.pl","last_updated":"2013/03/06 18:03:30 UTC"
,"icao":"EGPB","name":"Sumburgh","lat":59.8781342316667,"lon":-1.29109677166667,"rwys":3,"ils":1
,"runways":[
{"len_m":1502,"wid_m":45.11,"hdg":83,"surf":"Asphalt","rwy1":"09","lat1":59.88071885,"lon1":-001.30716464,"rwy2":"27","lat2":59.88222892,"lon2":-001.28051161},
{"len_m":543,"wid_m":45.11,"hdg":53,"surf":"Asphalt","rwy1":"06","lat1":59.87476400,"lon1":-001.29047200,"rwy2":"24","lat2":59.87766900,"lon2":-001.28267800},
{"len_m":1430,"wid_m":46.02,"hdg":143,"surf":"Asphalt","rwy1":"15","lat1":59.88186671,"lon1":-001.30048728,"rwy2":"33","lat2":59.87155791,"lon2":-001.28526710}
]
,"radios":[
{"type":"ATIS","freq":125.85,"desc":"Sumburgh Information"},
{"type":"TWR","freq":118.25,"desc":"Sumburgh Tower"},
{"type":"APP","freq":123.15,"desc":"Sumburgh Radar"}
]
}
