{"success":true,"source":"xp2cvs.pl","last_updated":"2013/03/06 18:03:30 UTC"
,"icao":"EGPD","name":"Aberdeen Dyce","lat":57.20362292625,"lon":-2.19901752625,"rwys":4,"ils":2
,"runways":[
{"len_m":1833,"wid_m":46.02,"hdg":158,"surf":"Asphalt","rwy1":"16","lat1":57.20956900,"lon1":-002.20342800,"rwy2":"34","lat2":57.19428600,"lon2":-002.19215000},
{"len_m":580,"wid_m":35.97,"hdg":139,"surf":"Asphalt","rwy1":"14","lat1":57.20313300,"lon1":-002.20088300,"rwy2":"32","lat2":57.19919200,"lon2":-002.19459400},
{"len_m":474,"wid_m":46.02,"hdg":46,"surf":"Concrete","rwy1":"05","lat1":57.20411100,"lon1":-002.20163300,"rwy2":"23","lat2":57.20705000,"lon2":-002.19593900},
{"len_m":273,"wid_m":22.86,"hdg":179,"surf":"Asphalt","rwy1":"18","lat1":57.20704841,"lon1":-002.20177721,"rwy2":"36","lat2":57.20459400,"lon2":-002.20173600}
]
,"radios":[
{"type":"GND","freq":121.7,"desc":"Aberdeen Ground"},
{"type":"TWR","freq":118.1,"desc":"Aberdeen Tower"},
{"type":"APP","freq":119.05,"desc":"Aberdeen Approach"}
]
}
