{"success":true,"source":"xp2cvs.pl","last_updated":"2013/03/06 18:03:30 UTC"
,"icao":"EGPE","name":"Inverness","lat":57.5433176783333,"lon":-4.05505251166667,"rwys":2,"ils":2
,"runways":[
{"len_m":1887,"wid_m":46.02,"hdg":49,"surf":"Asphalt","rwy1":"05","lat1":57.53698443,"lon1":-004.05952689,"rwy2":"23","lat2":57.54800300,"lon2":-004.03556900},
{"len_m":702,"wid_m":17.98,"hdg":109,"surf":"Asphalt","rwy1":"12","lat1":57.54464200,"lon1":-004.05986900,"rwy2":"30","lat2":57.54252500,"lon2":-004.04881100}
]
,"helipads":[
{"rwy1":"H1","len_m":24,"wid_m":24.99,"hdg":-4,"surf":"Concrete","lat1":-004.06326959,"lon1":-004.05986900}
]
,"radios":[
{"type":"TWR","freq":118.4,"desc":"Inverness Tower"},
{"type":"APP","freq":122.6,"desc":"Inverness Approach"}
]
}
