{"success":true,"source":"xp2cvs.pl","last_updated":"2013/03/06 18:03:30 UTC"
,"icao":"EGPF","name":"Glasgow","lat":55.8712638316667,"lon":-4.42818276666667,"rwys":1,"ils":2
,"runways":[
{"len_m":2663,"wid_m":46.02,"hdg":46,"surf":"Asphalt","rwy1":"05","lat1":55.86348064,"lon1":-004.44906008,"rwy2":"23","lat2":55.87997447,"lon2":-004.41823594}
]
,"helipads":[
{"rwy1":"H1","len_m":20,"wid_m":24.99,"hdg":-4,"surf":"Asphalt","lat1":-004.42522446,"lon1":-004.44906008},
{"rwy1":"H2","len_m":20,"wid_m":24.99,"hdg":-4,"surf":"Asphalt","lat1":-004.42567583,"lon1":-004.44906008}
]
,"radios":[
{"type":"ATIS","freq":129.57,"desc":"Glasgow Information"},
{"type":"GND","freq":121.7,"desc":"Glasgow Ground"},
{"type":"TWR","freq":118.8,"desc":"Glasgow Tower"},
{"type":"APP","freq":119.1,"desc":"Glasgow Approach"}
]
}
