{"success":true,"source":"xp2cvs.pl","last_updated":"2013/03/06 18:03:30 UTC"
,"icao":"EGPH","name":"Edinburgh","lat":55.94868539,"lon":-3.3597180625,"rwys":2,"ils":2
,"runways":[
{"len_m":2556,"wid_m":43.89,"hdg":58,"surf":"Asphalt","rwy1":"06","lat1":55.94399712,"lon1":-003.39014534,"rwy2":"24","lat2":55.95586954,"lon2":-003.35511664},
{"len_m":1796,"wid_m":46.02,"hdg":118,"surf":"Asphalt","rwy1":"12","lat1":55.95130286,"lon1":-003.35942460,"rwy2":"30","lat2":55.94357204,"lon2":-003.33418567}
]
,"radios":[
{"type":"ATIS","freq":131.35,"desc":"Edinburgh Information"},
{"type":"GND","freq":121.75,"desc":"Edinburgh Ground"},
{"type":"TWR","freq":118.7,"desc":"Edinburgh Tower"},
{"type":"APP","freq":121.2,"desc":"Edinburgh Approach"}
]
}
