{"success":true,"source":"xp2cvs.pl","last_updated":"2013/03/06 18:03:30 UTC"
,"icao":"EGPK","name":"Prestwick","lat":55.50230163,"lon":-4.5883626975,"rwys":2,"ils":2
,"runways":[
{"len_m":1994,"wid_m":45.11,"hdg":23,"surf":"Asphalt","rwy1":"03","lat1":55.48700368,"lon1":-004.58845881,"rwy2":"21","lat2":55.50340008,"lon2":-004.57575302},
{"len_m":2991,"wid_m":46.02,"hdg":121,"surf":"Asphalt","rwy1":"13","lat1":55.51638965,"lon1":-004.61483706,"rwy2":"31","lat2":55.50241311,"lon2":-004.57440190}
]
,"radios":[
{"type":"ATIS","freq":121.12,"desc":"Prestwick Information"},
{"type":"TWR","freq":118.15,"desc":"Prestwick Tower"},
{"type":"APP","freq":129.45,"desc":"Prestwick Approach"}
]
}
