{"success":true,"source":"xp2cvs.pl","last_updated":"2013/03/06 18:03:30 UTC"
,"icao":"EGQK","name":"Raf Kinloss","lat":57.64941,"lon":-3.560597,"rwys":1,"ils":1
,"runways":[
{"len_m":2307,"wid_m":46.02,"hdg":70,"surf":"Asphalt","rwy1":"08","lat1":57.64595600,"lon1":-003.57881500,"rwy2":"26","lat2":57.65286400,"lon2":-003.54237900}
]
,"radios":[
{"type":"TWR","freq":122.1,"desc":"Kinloss Tower"},
{"type":"APP","freq":123.3,"desc":"Lossie Director"},
{"type":"DEP","freq":119.35,"desc":"Lossie Departure"}
]
}
