{"success":true,"source":"xp2cvs.pl","last_updated":"2013/03/06 18:03:30 UTC"
,"icao":"EGQL","name":"Raf Leuchars","lat":56.37497975,"lon":-2.86384732,"rwys":2,"ils":1
,"runways":[
{"len_m":2655,"wid_m":46.02,"hdg":81,"surf":"Asphalt","rwy1":"09","lat1":56.37303949,"lon1":-002.88172101,"rwy2":"27","lat2":56.37646251,"lon2":-002.83918527},
{"len_m":1460,"wid_m":46.02,"hdg":36,"surf":"Asphalt","rwy1":"04","lat1":56.36994200,"lon1":-002.87428600,"rwy2":"22","lat2":56.38047500,"lon2":-002.86019700}
]
,"radios":[
{"type":"GND","freq":122.1,"desc":"Leuchars Ground"},
{"type":"TWR","freq":122.1,"desc":"Leuchars Tower"},
{"type":"APP","freq":126.5,"desc":"Leuchars Approach"},
{"type":"DEP","freq":126.5,"desc":"Leuchars Departure"}
]
}
