{"success":true,"source":"xp2cvs.pl","last_updated":"2013/03/06 18:03:30 UTC"
,"icao":"EGQS","name":"Raf Lossiemouth","lat":57.70460973,"lon":-3.3359692775,"rwys":2,"ils":1
,"runways":[
{"len_m":2770,"wid_m":46.02,"hdg":43,"surf":"Asphalt","rwy1":"05","lat1":57.69796700,"lon1":-003.35342200,"rwy2":"23","lat2":57.71595300,"lon2":-003.32130800},
{"len_m":1849,"wid_m":46.02,"hdg":96,"surf":"Asphalt","rwy1":"10","lat1":57.70726100,"lon1":-003.34383900,"rwy2":"28","lat2":57.70538100,"lon2":-003.31301400}
]
,"helipads":[
{"rwy1":"H1","len_m":35,"wid_m":35.05,"hdg":-3,"surf":"Concrete","lat1":-003.33919534,"lon1":-003.34383900},
{"rwy1":"H2","len_m":35,"wid_m":35.05,"hdg":-3,"surf":"Concrete","lat1":-003.33889027,"lon1":-003.34383900}
]
,"radios":[
{"type":"GND","freq":118.2,"desc":"Lossiemouth Ground"},
{"type":"TWR","freq":118.2,"desc":"Lossiemouth Tower"},
{"type":"APP","freq":123.3,"desc":"Lossiemouth Approach"},
{"type":"DEP","freq":119.35,"desc":"Lossiemouth Departure"}
]
}
