{"success":true,"source":"xp2cvs.pl","last_updated":"2013/03/06 18:03:30 UTC"
,"icao":"EGSC","name":"Cambridge","lat":52.204475745,"lon":0.176449865,"rwys":3,"ils":1
,"runways":[
{"len_m":1959,"wid_m":46.02,"hdg":49,"surf":"Asphalt","rwy1":"05","lat1":52.19934135,"lon1":000.16405735,"rwy2":"23","lat2":52.21069112,"lon2":000.18597284},
{"len_m":900,"wid_m":35.05,"hdg":49,"surf":"Turf/grass","rwy1":"05R","lat1":52.20308900,"lon1":000.17559400,"rwy2":"23L","lat2":52.20829700,"lon2":000.18566700},
{"len_m":699,"wid_m":35.05,"hdg":99,"surf":"Turf/grass","rwy1":"10","lat1":52.20325800,"lon1":000.16866100,"rwy2":"28","lat2":52.20217800,"lon2":000.17874700}
]
,"radios":[
{"type":"ATIS","freq":134.6,"desc":"Cambridge Info"},
{"type":"TWR","freq":125.9,"desc":"Cambridge Tower"},
{"type":"APP","freq":123.6,"desc":"Cambridge Approach"},
{"type":"APP","freq":124.97,"desc":"Cambridge Radar"}
]
}
