{"success":true,"source":"xp2cvs.pl","last_updated":"2013/03/06 18:03:30 UTC"
,"icao":"EGSH","name":"Norwich","lat":52.676860245,"lon":1.2844927175,"rwys":2,"ils":1
,"runways":[
{"len_m":1841,"wid_m":45.11,"hdg":89,"surf":"Asphalt","rwy1":"09","lat1":52.67583268,"lon1":001.26905297,"rwy2":"27","lat2":52.67603432,"lon2":001.29627229},
{"len_m":1571,"wid_m":42.98,"hdg":36,"surf":"Asphalt","rwy1":"3","lat1":52.67210901,"lon1":001.27941832,"rwy2":"21","lat2":52.68346497,"lon2":001.29322729}
]
,"radios":[
{"type":"ATIS","freq":128.62,"desc":"Norwich Information"},
{"type":"TWR","freq":124.25,"desc":"Norwich Tower"},
{"type":"APP","freq":119.35,"desc":"Norwich Approach"}
]
}
