{"success":true,"source":"xp2cvs.pl","last_updated":"2013/03/06 18:03:30 UTC"
,"icao":"EGSS","name":"London Stansted","lat":51.885096825,"lon":0.23496194,"rwys":1,"ils":2
,"runways":[
{"len_m":3056,"wid_m":46.02,"hdg":42,"surf":"Asphalt","rwy1":"05","lat1":51.87503185,"lon1":000.21986204,"rwy2":"23","lat2":51.89516180,"lon2":000.25006184}
]
,"radios":[
{"type":"ATIS","freq":127.17,"desc":"Stansted Information"},
{"type":"CLD","freq":121.95,"desc":"Stansted Delivery"},
{"type":"GND","freq":121.72,"desc":"Stansted Ground"},
{"type":"TWR","freq":123.8,"desc":"Stansted Tower"},
{"type":"TWR","freq":125.55,"desc":"Stansted Tower"},
{"type":"APP","freq":120.62,"desc":"Essex Radar"}
]
}
