{"success":true,"source":"xp2cvs.pl","last_updated":"2013/03/06 18:03:30 UTC"
,"icao":"EGTC","name":"Cranfield","lat":52.0709701175,"lon":-0.62066675,"rwys":4,"ils":1
,"runways":[
{"len_m":1796,"wid_m":46.02,"hdg":31,"surf":"Asphalt","rwy1":"03","lat1":52.06524804,"lon1":-000.62357864,"rwy2":"21","lat2":52.07897800,"lon2":-000.60979700},
{"len_m":617,"wid_m":17.98,"hdg":175,"surf":"Asphalt","rwy1":"18","lat1":52.07322499,"lon1":-000.62093323,"rwy2":"36","lat2":52.06769201,"lon2":-000.62022482},
{"len_m":300,"wid_m":24.08,"hdg":31,"surf":"Turf/grass","rwy1":"03L","lat1":52.06910544,"lon1":-000.62410094,"rwy2":"21R","lat2":52.07140248,"lon2":-000.62179301},
{"len_m":299,"wid_m":24.08,"hdg":175,"surf":"Turf/grass","rwy1":"18L","lat1":52.07239672,"lon1":-000.62264031,"rwy2":"36R","lat2":52.06971326,"lon2":-000.62226605}
]
,"radios":[
{"type":"ATIS","freq":121.87,"desc":"Cranfield Departure Information"},
{"type":"TWR","freq":122.85,"desc":"Cranfield Tower"},
{"type":"TWR","freq":134.92,"desc":"Cranfield Tower"},
{"type":"APP","freq":122.85,"desc":"Cranfield Approach"}
]
}
