{"success":true,"source":"xp2cvs.pl","last_updated":"2013/03/06 18:03:30 UTC"
,"icao":"EGTE","name":"Exeter","lat":50.73426,"lon":-3.41399969,"rwys":1,"ils":2
,"runways":[
{"len_m":2037,"wid_m":46.02,"hdg":76,"surf":"Asphalt","rwy1":"08","lat1":50.73206575,"lon1":-003.42800869,"rwy2":"26","lat2":50.73645425,"lon2":-003.39999069}
]
,"radios":[
{"type":"ATIS","freq":119.32,"desc":"Exeter Information"},
{"type":"TWR","freq":119.8,"desc":"Exeter Tower"},
{"type":"APP","freq":128.97,"desc":"APP"}
]
}
