{"success":true,"source":"xp2cvs.pl","last_updated":"2013/03/06 18:03:30 UTC"
,"icao":"EGTG","name":"Bristol Filton","lat":51.5194266,"lon":-2.59036319,"rwys":1,"ils":2
,"runways":[
{"len_m":2438,"wid_m":91.14,"hdg":89,"surf":"Concrete","rwy1":"09","lat1":51.51937087,"lon1":-002.60792771,"rwy2":"27","lat2":51.51948233,"lon2":-002.57279867}
]
,"radios":[
{"type":"TWR","freq":132.35,"desc":"Filton Tower"},
{"type":"APP","freq":122.72,"desc":"Filton Approach"},
{"type":"APP","freq":127.95,"desc":"Filton Director"}
]
}
