{"success":true,"source":"xp2cvs.pl","last_updated":"2013/03/06 18:03:30 UTC"
,"icao":"EGUB","name":"Raf Benson","lat":51.615029,"lon":-1.09586012,"rwys":1,"ils":1
,"runways":[
{"len_m":1821,"wid_m":46.02,"hdg":7,"surf":"Asphalt","rwy1":"01","lat1":51.60691900,"lon1":-001.09765124,"rwy2":"19","lat2":51.62313900,"lon2":-001.09406900}
]
,"radios":[
{"type":"GND","freq":121.8,"desc":"Benson Ground"},
{"type":"TWR","freq":127.15,"desc":"Benson Tower"},
{"type":"APP","freq":120.9,"desc":"Benson Zone"},
{"type":"APP","freq":136.45,"desc":"Benson Approach"}
]
}
