{"success":true,"source":"xp2cvs.pl","last_updated":"2013/03/06 18:03:30 UTC"
,"icao":"EGUL","name":"Raf Lakenheath","lat":52.409407,"lon":0.56101762,"rwys":1,"ils":2
,"runways":[
{"len_m":2740,"wid_m":46.02,"hdg":55,"surf":"Asphalt","rwy1":"06","lat1":52.40246056,"lon1":000.54438686,"rwy2":"24","lat2":52.41635344,"lon2":000.57764838}
]
,"radios":[
{"type":"TWR","freq":122.1,"desc":"Lakenheath Tower"},
{"type":"APP","freq":136.5,"desc":"Lakenheath Approach"},
{"type":"APP","freq":128.9,"desc":"Lakenheath Radar"}
]
}
