{"success":true,"source":"xp2cvs.pl","last_updated":"2013/03/06 18:03:30 UTC"
,"icao":"EGUN","name":"Raf Mildenhall","lat":52.361943135,"lon":0.48635346,"rwys":1,"ils":2
,"runways":[
{"len_m":3425,"wid_m":42.06,"hdg":103,"surf":"Asphalt","rwy1":"11","lat1":52.36547299,"lon1":000.46188151,"rwy2":"29","lat2":52.35841328,"lon2":000.51082541}
]
,"radios":[
{"type":"GND","freq":121.67,"desc":"Mildenhall Ground"},
{"type":"TWR","freq":122.55,"desc":"Mildenhall Tower"},
{"type":"APP","freq":136.5,"desc":"Lakenheath Approach"}
]
}
