{"success":true,"source":"xp2cvs.pl","last_updated":"2013/03/06 18:03:30 UTC"
,"icao":"EGVA","name":"Raf Fairford","lat":51.6835,"lon":-1.789999515,"rwys":1,"ils":2
,"runways":[
{"len_m":3045,"wid_m":60.96,"hdg":87,"surf":"Asphalt","rwy1":"09","lat1":51.68299983,"lon1":-001.81199999,"rwy2":"27","lat2":51.68400017,"lon2":-001.76799904}
]
,"radios":[
{"type":"TWR","freq":119.15,"desc":"Fairford Tower"},
{"type":"APP","freq":133.75,"desc":"Brize Director"},
{"type":"APP","freq":119,"desc":"Brize Radar"},
{"type":"APP","freq":122.1,"desc":"Brize Radar"},
{"type":"APP","freq":127.25,"desc":"Brize Radar"}
]
}
