{"success":true,"source":"xp2cvs.pl","last_updated":"2013/03/06 18:03:30 UTC"
,"icao":"EGVN","name":"Raf Brize Norton","lat":51.749979,"lon":-1.58295839,"rwys":1,"ils":2
,"runways":[
{"len_m":3061,"wid_m":56.08,"hdg":73,"surf":"Asphalt","rwy1":"08","lat1":51.74606774,"lon1":-001.60420700,"rwy2":"26","lat2":51.75389026,"lon2":-001.56170978}
]
,"radios":[
{"type":"GND","freq":121.72,"desc":"Brize Ground"},
{"type":"TWR","freq":123.72,"desc":"Brize Tower"},
{"type":"APP","freq":127.25,"desc":"Brize Approach"},
{"type":"APP","freq":133.75,"desc":"Brize Director"}
]
}
