{"success":true,"source":"xp2cvs.pl","last_updated":"2013/03/06 18:03:30 UTC"
,"icao":"EGWU","name":"Raf Northolt","lat":51.55369006,"lon":-0.415694306666667,"rwys":1,"ils":1
,"runways":[
{"len_m":1690,"wid_m":46.02,"hdg":69,"surf":"Asphalt","rwy1":"07","lat1":51.55005794,"lon1":-000.43101945,"rwy2":"25","lat2":51.55533406,"lon2":-000.40816655}
]
,"helipads":[
{"rwy1":"H1","len_m":18,"wid_m":18.90,"hdg":0,"surf":"Concrete","lat1":-000.41711254,"lon1":-000.43101945},
{"rwy1":"H2","len_m":18,"wid_m":18.90,"hdg":0,"surf":"Concrete","lat1":-000.41496652,"lon1":-000.43101945},
{"rwy1":"H3","len_m":20,"wid_m":20.12,"hdg":0,"surf":"Concrete","lat1":-000.41450113,"lon1":-000.43101945},
{"rwy1":"H4","len_m":20,"wid_m":20.12,"hdg":0,"surf":"Concrete","lat1":-000.41416525,"lon1":-000.43101945},
{"rwy1":"H5","len_m":20,"wid_m":20.12,"hdg":0,"surf":"Concrete","lat1":-000.41382740,"lon1":-000.43101945}
]
,"radios":[
{"type":"ATIS","freq":125.12,"desc":"Northolt Information"},
{"type":"TWR","freq":120.67,"desc":"Northolt Tower"},
{"type":"APP","freq":126.45,"desc":"Northolt Approach"},
{"type":"DEP","freq":129.12,"desc":"Northolt Departures"}
]
}
