{"success":true,"source":"xp2cvs.pl","last_updated":"2013/03/06 18:03:30 UTC"
,"icao":"EGXC","name":"Raf Coningsby","lat":53.093165,"lon":-0.166128,"rwys":1,"ils":1
,"runways":[
{"len_m":2739,"wid_m":60.96,"hdg":71,"surf":"Concrete","rwy1":"08","lat1":53.08934368,"lon1":-000.18556237,"rwy2":"26","lat2":53.09698632,"lon2":-000.14669363}
]
,"radios":[
{"type":"GND","freq":122.1,"desc":"Coningsby Ground"},
{"type":"TWR","freq":122.1,"desc":"Coningsby Tower"},
{"type":"APP","freq":120.8,"desc":"Coningsby Approach"}
]
}
