{"success":true,"source":"xp2cvs.pl","last_updated":"2013/03/06 18:03:30 UTC"
,"icao":"EGXE","name":"Raf Leeming","lat":54.29256518,"lon":-1.535453065,"rwys":1,"ils":1
,"runways":[
{"len_m":2297,"wid_m":46.02,"hdg":155,"surf":"Asphalt","rwy1":"16","lat1":54.30197405,"lon1":-001.54270729,"rwy2":"34","lat2":54.28315631,"lon2":-001.52819884}
]
,"radios":[
{"type":"TWR","freq":122.1,"desc":"Leeming Tower"},
{"type":"APP","freq":125,"desc":"Leeming Approach"},
{"type":"APP","freq":122.1,"desc":"Leeming Ground"}
]
}
