{"success":true,"source":"xp2cvs.pl","last_updated":"2013/03/06 18:03:30 UTC"
,"icao":"EGXG","name":"Raf Church Fenton","lat":53.83597407,"lon":-1.196473525,"rwys":2,"ils":1
,"runways":[
{"len_m":1826,"wid_m":46.02,"hdg":54,"surf":"Asphalt","rwy1":"06","lat1":53.82980428,"lon1":-001.20660910,"rwy2":"24","lat2":53.83929700,"lon2":-001.18397200},
{"len_m":1666,"wid_m":46.02,"hdg":155,"surf":"Asphalt","rwy1":"16","lat1":53.84423500,"lon1":-001.20280400,"rwy2":"34","lat2":53.83056000,"lon2":-001.19250900}
]
,"radios":[
{"type":"GND","freq":121.95,"desc":"Fenton Ground"},
{"type":"TWR","freq":122.1,"desc":"Fenton Tower"},
{"type":"APP","freq":126.5,"desc":"Fenton Approach"}
]
}
