{"success":true,"source":"xp2cvs.pl","last_updated":"2013/03/06 18:03:30 UTC"
,"icao":"EGXJ","name":"Raf Cottesmore","lat":52.7357795,"lon":-0.6487195,"rwys":1,"ils":1
,"runways":[
{"len_m":2744,"wid_m":60.05,"hdg":41,"surf":"Asphalt","rwy1":"04","lat1":52.72651700,"lon1":-000.66213300,"rwy2":"22","lat2":52.74504200,"lon2":-000.63530600}
]
,"radios":[
{"type":"GND","freq":122.1,"desc":"Cottesmore Ground"},
{"type":"TWR","freq":122.1,"desc":"Cottesmore Tower"},
{"type":"APP","freq":130.2,"desc":"Cottesmore Approach"},
{"type":"APP","freq":123.3,"desc":"Cottesmore Director"},
{"type":"DEP","freq":130.2,"desc":"Cottesmore Departure"}
]
}
