{"success":true,"source":"xp2cvs.pl","last_updated":"2013/03/06 18:03:30 UTC"
,"icao":"EGXU","name":"Raf Linton On Ouse","lat":54.049117,"lon":-1.252806,"rwys":2,"ils":2
,"runways":[
{"len_m":1831,"wid_m":46.02,"hdg":31,"surf":"Asphalt","rwy1":"03","lat1":54.04238335,"lon1":-001.26041641,"rwy2":"21","lat2":54.05641265,"lon2":-001.24579559},
{"len_m":1338,"wid_m":46.02,"hdg":96,"surf":"Asphalt","rwy1":"10","lat1":54.04947763,"lon1":-001.26266531,"rwy2":"28","lat2":54.04819437,"lon2":-001.24234669}
]
,"radios":[
{"type":"GND","freq":122.1,"desc":"Linton Ground"},
{"type":"TWR","freq":122.1,"desc":"Linton Tower"},
{"type":"APP","freq":118.55,"desc":"Linton Approach"},
{"type":"DEP","freq":118.55,"desc":"Linton Departure"}
]
}
