{"success":true,"source":"xp2cvs.pl","last_updated":"2013/03/06 18:03:30 UTC"
,"icao":"EGXW","name":"Raf Waddington","lat":53.169686,"lon":-0.5249245,"rwys":1,"ils":1
,"runways":[
{"len_m":2742,"wid_m":60.96,"hdg":21,"surf":"Asphalt","rwy1":"02","lat1":53.15466400,"lon1":-000.53148100,"rwy2":"20","lat2":53.17756000,"lon2":-000.51633100}
]
,"helipads":[
{"rwy1":"H1","len_m":34,"wid_m":34.14,"hdg":0,"surf":"Asphalt","lat1":-000.52594300,"lon1":-000.53148100}
]
,"radios":[
{"type":"GND","freq":123.3,"desc":"Waddington Departure"},
{"type":"TWR","freq":125.35,"desc":"Waddington Tower"}
]
}
