{"success":true,"source":"xp2cvs.pl","last_updated":"2013/03/06 18:03:30 UTC"
,"icao":"EGYD","name":"Raf Cranwell","lat":53.0287539233333,"lon":-0.489537635,"rwys":3,"ils":1
,"runways":[
{"len_m":1825,"wid_m":45.11,"hdg":82,"surf":"Asphalt","rwy1":"09","lat1":53.02873329,"lon1":-000.50574016,"rwy2":"27","lat2":53.03081271,"lon2":-000.47874919},
{"len_m":1460,"wid_m":45.11,"hdg":8,"surf":"Asphalt","rwy1":"01","lat1":53.02105754,"lon1":-000.48543822,"rwy2":"19","lat2":53.03404646,"lon2":-000.48233378},
{"len_m":760,"wid_m":39.93,"hdg":82,"surf":"Turf/grass","rwy1":"09R","lat1":53.02851773,"lon1":-000.49810978,"rwy2":"27L","lat2":53.02935581,"lon2":-000.48685468}
]
,"radios":[
{"type":"ATIS","freq":135.67,"desc":"Cranwell Information"},
{"type":"GND","freq":122.1,"desc":"Cranwell Departure"},
{"type":"TWR","freq":125.05,"desc":"Cranwell Tower"},
{"type":"APP","freq":119.37,"desc":"Cranwell Approach"},
{"type":"DEP","freq":119.37,"desc":"Cranwell Departure"}
]
}
