{"success":true,"source":"xp2cvs.pl","last_updated":"2013/03/06 18:03:30 UTC"
,"icao":"EGYM","name":"Raf Marham","lat":52.647657,"lon":0.554049,"rwys":2,"ils":1
,"runways":[
{"len_m":2782,"wid_m":60.96,"hdg":55,"surf":"Asphalt","rwy1":"06","lat1":52.64120726,"lon1":000.53351168,"rwy2":"24","lat2":52.65539874,"lon2":000.56736832},
{"len_m":1797,"wid_m":91.14,"hdg":8,"surf":"Concrete","rwy1":"01","lat1":52.63902333,"lon1":000.55567164,"rwy2":"19","lat2":52.65499867,"lon2":000.55964436}
]
,"radios":[
{"type":"TWR","freq":122.1,"desc":"Marham Tower"},
{"type":"APP","freq":124.15,"desc":"Marham Approach"}
]
}
