{"success":true,"source":"xp2cvs.pl","last_updated":"2013/03/06 18:03:30 UTC"
,"icao":"EGYP","name":"Raf Mount Pleasant","lat":-51.8206265,"lon":-58.45011175,"rwys":2,"ils":1
,"runways":[
{"len_m":2596,"wid_m":46.02,"hdg":105,"surf":"Asphalt","rwy1":"10","lat1":-51.81769700,"lon1":-058.47630800,"rwy2":"28","lat2":-51.82389200,"lon2":-058.44000000},
{"len_m":1522,"wid_m":22.86,"hdg":55,"surf":"Asphalt","rwy1":"05","lat1":-51.82436100,"lon1":-058.45113900,"rwy2":"23","lat2":-51.81655600,"lon2":-058.43300000}
]
,"radios":[
{"type":"ATIS","freq":128.55,"desc":"Mount Pleasant Information"},
{"type":"GND","freq":130.3,"desc":"Mount Pleasant Ground"},
{"type":"TWR","freq":133.35,"desc":"Mount Pleasant Tower"},
{"type":"APP","freq":131.5,"desc":"Island Radar"},
{"type":"APP","freq":118.5,"desc":"Mount Pleasant Approach"}
]
}
