{"success":true,"source":"xp2cvs.pl","last_updated":"2013/03/06 18:03:30 UTC"
,"icao":"EHBK","name":"Maastricht","lat":50.9113055,"lon":5.769639,"rwys":1,"ils":2
,"runways":[
{"len_m":2501,"wid_m":45.11,"hdg":32,"surf":"Asphalt","rwy1":"03","lat1":50.90183600,"lon1":005.76005000,"rwy2":"21","lat2":50.92077500,"lon2":005.77922800}
]
,"radios":[
{"type":"ATIS","freq":124.57,"desc":"ATIS"},
{"type":"GND","freq":121.82,"desc":"BEEK GND"},
{"type":"TWR","freq":119.47,"desc":"BEEK TWR"},
{"type":"TWR","freq":119.7,"desc":"BEEK TWR"},
{"type":"APP","freq":120.2,"desc":"BEEK APP"},
{"type":"APP","freq":123.97,"desc":"BEEK APP"}
]
}
