{"success":true,"source":"xp2cvs.pl","last_updated":"2013/03/06 18:03:30 UTC"
,"icao":"EHEH","name":"Eindhoven","lat":51.4501335,"lon":5.374513,"rwys":1,"ils":2
,"runways":[
{"len_m":3000,"wid_m":45.11,"hdg":34,"surf":"Asphalt","rwy1":"04","lat1":51.43908900,"lon1":005.36213500,"rwy2":"22","lat2":51.46117800,"lon2":005.38689100}
]
,"radios":[
{"type":"ATIS","freq":126.02,"desc":"ATIS"},
{"type":"GND","freq":121.92,"desc":"GND"},
{"type":"TWR","freq":122.1,"desc":"TWR"},
{"type":"TWR","freq":131,"desc":"TWR"},
{"type":"APP","freq":124.52,"desc":"DIRECTOR"},
{"type":"APP","freq":122.1,"desc":"DIRECTOR"},
{"type":"APP","freq":123.17,"desc":"APP"},
{"type":"APP","freq":122.1,"desc":"APP"}
]
}
