{"success":true,"source":"xp2cvs.pl","last_updated":"2013/03/06 18:03:30 UTC"
,"icao":"EHGG","name":"Eelde","lat":53.12200372,"lon":6.57915592,"rwys":2,"ils":1
,"runways":[
{"len_m":1799,"wid_m":45.11,"hdg":51,"surf":"Asphalt","rwy1":"05","lat1":53.11496944,"lon1":006.56915079,"rwy2":"23","lat2":53.12495644,"lon2":006.59029279},
{"len_m":1500,"wid_m":45.11,"hdg":8,"surf":"Asphalt","rwy1":"01","lat1":53.11738300,"lon1":006.57688455,"rwy2":"19","lat2":53.13070600,"lon2":006.58029555}
]
,"radios":[
{"type":"ATIS","freq":133.55,"desc":"ATIS"},
{"type":"GND","freq":121.7,"desc":"GND/CLNC DEL"},
{"type":"TWR","freq":118.7,"desc":"TWR"},
{"type":"TWR","freq":119.7,"desc":"TWR"},
{"type":"APP","freq":119.7,"desc":"APP"},
{"type":"APP","freq":120.3,"desc":"APP"}
]
}
