{"success":true,"source":"xp2cvs.pl","last_updated":"2013/03/06 18:03:30 UTC"
,"icao":"EHGR","name":"Gilze Rijen","lat":51.56574475,"lon":4.93469275,"rwys":2,"ils":1
,"runways":[
{"len_m":2779,"wid_m":45.11,"hdg":100,"surf":"Asphalt","rwy1":"10","lat1":51.56953700,"lon1":004.91198500,"rwy2":"28","lat2":51.56517300,"lon2":004.95145000},
{"len_m":2030,"wid_m":29.87,"hdg":17,"surf":"Asphalt","rwy1":"02","lat1":51.55543600,"lon1":004.93324200,"rwy2":"20","lat2":51.57283300,"lon2":004.94209400}
]
,"radios":[
{"type":"TWR","freq":125.32,"desc":"TWR"},
{"type":"APP","freq":123.57,"desc":"RAPCON WEST"}
]
}
