{"success":true,"source":"xp2cvs.pl","last_updated":"2013/03/06 18:03:30 UTC"
,"icao":"EHKD","name":"De Kooy","lat":52.9234855,"lon":4.7806295,"rwys":1,"ils":1
,"runways":[
{"len_m":1274,"wid_m":29.87,"hdg":33,"surf":"Concrete","rwy1":"04","lat1":52.91873200,"lon1":004.77534000,"rwy2":"22","lat2":52.92823900,"lon2":004.78591900}
]
,"radios":[
{"type":"GND","freq":121.72,"desc":"GND"},
{"type":"TWR","freq":122.1,"desc":"TWR"},
{"type":"TWR","freq":120.12,"desc":"TWR"},
{"type":"APP","freq":122.1,"desc":"APP"},
{"type":"APP","freq":119.1,"desc":"APP"}
]
}
