{"success":true,"source":"xp2cvs.pl","last_updated":"2013/03/06 18:03:30 UTC"
,"icao":"EHLE","name":"Lelystad","lat":52.45927625,"lon":5.5213625,"rwys":2,"ils":1
,"runways":[
{"len_m":1250,"wid_m":29.87,"hdg":47,"surf":"Asphalt","rwy1":"05","lat1":52.45114700,"lon1":005.51102200,"rwy2":"23","lat2":52.45872800,"lon2":005.52459200},
{"len_m":430,"wid_m":49.99,"hdg":47,"surf":"Turf/grass","rwy1":"05L","lat1":52.46230829,"lon1":005.52257826,"rwy2":"23R","lat2":52.46492171,"lon2":005.52725774}
]
}
