{"success":true,"source":"xp2cvs.pl","last_updated":"2013/03/06 18:03:30 UTC"
,"icao":"EHLW","name":"Leeuwarden","lat":53.2269995,"lon":5.75393075,"rwys":2,"ils":4
,"runways":[
{"len_m":2450,"wid_m":49.99,"hdg":55,"surf":"Asphalt","rwy1":"06","lat1":53.21916700,"lon1":005.73809200,"rwy2":"24","lat2":53.23166400,"lon2":005.76829700},
{"len_m":2003,"wid_m":49.99,"hdg":90,"surf":"Asphalt","rwy1":"09","lat1":53.22866700,"lon1":005.73966700,"rwy2":"27","lat2":53.22850000,"lon2":005.76966700}
]
,"radios":[
{"type":"TWR","freq":122.1,"desc":"TWR"},
{"type":"TWR","freq":120.7,"desc":"TWR"},
{"type":"APP","freq":122.1,"desc":"ARRIVAL"},
{"type":"APP","freq":122.1,"desc":"RAPCON NORTH"}
]
}
