{"success":true,"source":"xp2cvs.pl","last_updated":"2013/03/06 18:03:30 UTC"
,"icao":"EHRD","name":"Rotterdam The Hague","lat":51.954338775,"lon":4.44181679,"rwys":1,"ils":2
,"runways":[
{"len_m":2199,"wid_m":45.11,"hdg":56,"surf":"Asphalt","rwy1":"06","lat1":51.95208600,"lon1":004.42824200,"rwy2":"24","lat2":51.96285000,"lon2":004.45508100}
]
,"helipads":[
{"rwy1":"H3","len_m":24,"wid_m":24.99,"hdg":4,"surf":"Asphalt","lat1":004.44197208,"lon1":004.42824200}
]
,"radios":[
{"type":"GND","freq":122.17,"desc":"GND"},
{"type":"TWR","freq":118.2,"desc":"TWR"},
{"type":"TWR","freq":119.7,"desc":"TWR"},
{"type":"APP","freq":119.05,"desc":"SCHIPHOL"},
{"type":"APP","freq":121.2,"desc":"SCHIPHOL"},
{"type":"APP","freq":127.02,"desc":"APP"}
]
}
