{"success":true,"source":"xp2cvs.pl","last_updated":"2013/03/06 18:03:30 UTC"
,"icao":"EHVK","name":"Volkel","lat":51.65444919,"lon":5.701348939,"rwys":3,"ils":2
,"runways":[
{"len_m":3029,"wid_m":45.11,"hdg":57,"surf":"Asphalt","rwy1":"6L","lat1":51.64997302,"lon1":005.68928018,"rwy2":"24R","lat2":51.66442342,"lon2":005.72637968},
{"len_m":3027,"wid_m":22.86,"hdg":57,"surf":"Concrete","rwy1":"6R","lat1":51.64837642,"lon1":005.69090017,"rwy2":"24L","lat2":51.66281842,"lon2":005.72797174},
{"len_m":929,"wid_m":22.86,"hdg":58,"surf":"Turf/grass","rwy1":"5","lat1":51.64977737,"lon1":005.69688018,"rwy2":"23","lat2":51.65414459,"lon2":005.70833356}
]
,"helipads":[
{"rwy1":"H1","len_m":17,"wid_m":17.98,"hdg":5,"surf":"Concrete","lat1":005.69257075,"lon1":005.69688018},
{"rwy1":"H2","len_m":39,"wid_m":39.93,"hdg":5,"surf":"Turf/grass","lat1":005.69430119,"lon1":005.69688018}
]
,"radios":[
{"type":"CTAF","freq":132.35,"desc":"Dutch Mill"},
{"type":"TWR","freq":136.07,"desc":"Volkel Tower"},
{"type":"APP","freq":122.1,"desc":"Volkel Arrival"},
{"type":"DEP","freq":123.18,"desc":"Rapcon South"}
]
}
