{"success":true,"source":"xp2cvs.pl","last_updated":"2013/03/06 18:03:30 UTC"
,"icao":"EICK","name":"Cork","lat":51.84260523,"lon":-8.489055895,"rwys":2,"ils":2
,"runways":[
{"len_m":2132,"wid_m":45.11,"hdg":159,"surf":"Asphalt","rwy1":"17","lat1":51.85008173,"lon1":-008.49615376,"rwy2":"35","lat2":51.83208373,"lon2":-008.48551176},
{"len_m":1307,"wid_m":45.11,"hdg":62,"surf":"Concrete","rwy1":"07","lat1":51.84142473,"lon1":-008.49570503,"rwy2":"25","lat2":51.84683073,"lon2":-008.47885303}
]
,"radios":[
{"type":"ATIS","freq":120.92,"desc":"Cork ATIS"},
{"type":"TWR","freq":121.8,"desc":"Cork Grd"},
{"type":"TWR","freq":121.85,"desc":"Cork Grd"},
{"type":"TWR","freq":119.3,"desc":"Cork Twr"},
{"type":"TWR","freq":121.7,"desc":"Cork Twr"},
{"type":"APP","freq":119.9,"desc":"Cork App"}
]
}
