{"success":true,"source":"xp2cvs.pl","last_updated":"2013/03/06 18:03:30 UTC"
,"icao":"EIDW","name":"Dublin","lat":53.4260016675,"lon":-6.2606108225,"rwys":3,"ils":3
,"runways":[
{"len_m":2636,"wid_m":45.11,"hdg":95,"surf":"Concrete","rwy1":"10","lat1":53.42243102,"lon1":-006.29007448,"rwy2":"28","lat2":53.42026102,"lon2":-006.25057848},
{"len_m":2071,"wid_m":60.96,"hdg":156,"surf":"Asphalt","rwy1":"16","lat1":53.43699002,"lon1":-006.26197743,"rwy2":"34","lat2":53.41990602,"lon2":-006.24959343},
{"len_m":1338,"wid_m":60.96,"hdg":104,"surf":"Asphalt","rwy1":"11","lat1":53.43655302,"lon1":-006.26226844,"rwy2":"29","lat2":53.43344302,"lon2":-006.24280844}
]
,"helipads":[
{"rwy1":"H1","len_m":14,"wid_m":14.02,"hdg":-6,"surf":"Asphalt","lat1":-006.26379294,"lon1":-006.26226844}
]
,"radios":[
{"type":"ATIS","freq":124.52,"desc":"ATIS"},
{"type":"CLD","freq":121.87,"desc":"CLNC DEL"},
{"type":"GND","freq":121.8,"desc":"GND"},
{"type":"TWR","freq":118.6,"desc":"TWR"},
{"type":"APP","freq":119.55,"desc":"APP"},
{"type":"APP","freq":119.92,"desc":"APP"},
{"type":"APP","freq":121.1,"desc":"APP"}
]
}
