{"success":true,"source":"xp2cvs.pl","last_updated":"2013/03/06 18:03:30 UTC"
,"icao":"EIKN","name":"Ireland West Airport Knock","lat":53.910305795,"lon":-8.818474045,"rwys":1,"ils":1
,"runways":[
{"len_m":2296,"wid_m":45.11,"hdg":78,"surf":"Asphalt","rwy1":"09","lat1":53.90829759,"lon1":-008.83561505,"rwy2":"27","lat2":53.91231400,"lon2":-008.80133304}
]
,"radios":[
{"type":"GND","freq":121.9,"desc":"GND"},
{"type":"TWR","freq":130.7,"desc":"TWR"},
{"type":"TWR","freq":130.69,"desc":"TWR"}
]
}
