{"success":true,"source":"xp2cvs.pl","last_updated":"2013/03/06 18:03:30 UTC"
,"icao":"EIKY","name":"Kerry","lat":52.181322365,"lon":-9.52760022,"rwys":2,"ils":1
,"runways":[
{"len_m":2000,"wid_m":45.11,"hdg":71,"surf":"Asphalt","rwy1":"08","lat1":52.17798600,"lon1":-009.53762800,"rwy2":"26","lat2":52.18376700,"lon2":-009.50993900},
{"len_m":1241,"wid_m":30.48,"hdg":58,"surf":"Concrete","rwy1":"05","lat1":52.17882795,"lon1":-009.53912783,"rwy2":"23","lat2":52.18470851,"lon2":-009.52370605}
]
,"radios":[
{"type":"GND","freq":121.6,"desc":"GND"},
{"type":"TWR","freq":123.32,"desc":"TWR"}
]
}
