{"success":true,"source":"xp2cvs.pl","last_updated":"2013/03/06 18:03:30 UTC"
,"icao":"EIME","name":"Baldonnel Casement","lat":53.3007685,"lon":-6.451017585,"rwys":2,"ils":1
,"runways":[
{"len_m":1827,"wid_m":46.02,"hdg":101,"surf":"Asphalt","rwy1":"11","lat1":53.30468900,"lon1":-006.46881733,"rwy2":"29","lat2":53.30129400,"lon2":-006.44199233},
{"len_m":1461,"wid_m":46.02,"hdg":40,"surf":"Asphalt","rwy1":"05","lat1":53.29358300,"lon1":-006.45381234,"rwy2":"23","lat2":53.30350800,"lon2":-006.43944834}
]
,"radios":[
{"type":"ATIS","freq":122.8,"desc":"AREA"},
{"type":"GND","freq":123.1,"desc":"BALDONNEL GND"},
{"type":"TWR","freq":123.5,"desc":"BALDONNEL TWR"},
{"type":"APP","freq":122,"desc":"BALDONNEL APP"}
]
}
