{"success":true,"source":"xp2cvs.pl","last_updated":"2013/03/06 18:03:30 UTC"
,"icao":"EINN","name":"Shannon","lat":52.7004769,"lon":-8.9168342,"rwys":5,"ils":2
,"runways":[
{"len_m":3199,"wid_m":45.11,"hdg":52,"surf":"Asphalt","rwy1":"06","lat1":52.69317200,"lon1":-008.94351900,"rwy2":"24","lat2":52.71077800,"lon2":-008.90610300},
{"len_m":1969,"wid_m":60.05,"hdg":35,"surf":"Asphalt","rwy1":"04","lat1":52.69514400,"lon1":-008.92145600,"rwy2":"22","lat2":52.70963100,"lon2":-008.90473100},
{"len_m":1720,"wid_m":45.11,"hdg":125,"surf":"Asphalt","rwy1":"13","lat1":52.70200300,"lon1":-008.92582500,"rwy2":"31","lat2":52.69311900,"lon2":-008.90500300},
{"len_m":1712,"wid_m":45.11,"hdg":169,"surf":"Asphalt","rwy1":"18","lat1":52.70773900,"lon1":-008.91182500,"rwy2":"36","lat2":52.69260800,"lon2":-008.90718300},
{"len_m":1463,"wid_m":45.11,"hdg":79,"surf":"Asphalt","rwy1":"08","lat1":52.69912200,"lon1":-008.93200300,"rwy2":"26","lat2":52.70145300,"lon2":-008.91069400}
]
,"radios":[
{"type":"ATIS","freq":130.95,"desc":"ATIS"},
{"type":"GND","freq":121.8,"desc":"GND"},
{"type":"TWR","freq":118.7,"desc":"TWR"},
{"type":"TWR","freq":121.8,"desc":"TWR"},
{"type":"APP","freq":120.2,"desc":"APP"},
{"type":"APP","freq":121.4,"desc":"APP"}
]
}
