{"success":true,"source":"xp2cvs.pl","last_updated":"2013/03/06 18:03:30 UTC"
,"icao":"EKAH","name":"Aarhus","lat":56.3042645,"lon":10.6194515,"rwys":2,"ils":2
,"runways":[
{"len_m":2776,"wid_m":22.86,"hdg":100,"surf":"Asphalt","rwy1":"10L","lat1":56.30743300,"lon1":010.59779700,"rwy2":"28R","lat2":56.30297500,"lon2":010.64193100},
{"len_m":2701,"wid_m":45.11,"hdg":100,"surf":"Asphalt","rwy1":"10R","lat1":56.30549200,"lon1":010.59756700,"rwy2":"28L","lat2":56.30115800,"lon2":010.64051100}
]
,"radios":[
{"type":"TWR","freq":118.52,"desc":"TWR"},
{"type":"APP","freq":119.27,"desc":"APP"}
]
}
