{"success":true,"source":"xp2cvs.pl","last_updated":"2013/03/06 18:03:30 UTC"
,"icao":"EKBI","name":"Billund","lat":55.73882472375,"lon":9.14640171375,"rwys":2,"ils":2
,"runways":[
{"len_m":2802,"wid_m":45.11,"hdg":86,"surf":"Asphalt","rwy1":"09","lat1":55.73978701,"lon1":009.13482828,"rwy2":"27","lat2":55.74116700,"lon2":009.17937807},
{"len_m":616,"wid_m":29.87,"hdg":93,"surf":"Turf/grass","rwy1":"10","lat1":55.73207700,"lon1":009.14211200,"rwy2":"28","lat2":55.73170200,"lon2":009.15190400}
]
,"helipads":[
{"rwy1":"H1","len_m":20,"wid_m":20.12,"hdg":9,"surf":"Concrete","lat1":009.15181368,"lon1":009.14211200},
{"rwy1":"H2","len_m":20,"wid_m":20.12,"hdg":9,"surf":"Concrete","lat1":009.12968200,"lon1":009.14211200}
]
,"radios":[
{"type":"ATIS","freq":118.77,"desc":"ATIS"},
{"type":"TWR","freq":119,"desc":"TWR"},
{"type":"APP","freq":127.57,"desc":"APP"}
]
}
