{"success":true,"source":"xp2cvs.pl","last_updated":"2013/03/06 18:03:30 UTC"
,"icao":"EKEB","name":"Esbjerg","lat":55.5251175,"lon":8.5538295,"rwys":1,"ils":2
,"runways":[
{"len_m":2609,"wid_m":45.11,"hdg":79,"surf":"Asphalt","rwy1":"08","lat1":55.52385304,"lon1":008.53341049,"rwy2":"26","lat2":55.52812696,"lon2":008.57403151}
]
,"helipads":[
{"rwy1":"H1","len_m":24,"wid_m":68.88,"hdg":8,"surf":"Concrete","lat1":008.55393800,"lon1":008.53341049}
]
,"radios":[
{"type":"TWR","freq":120.15,"desc":"AFIS"}
]
}
