{"success":true,"source":"xp2cvs.pl","last_updated":"2013/03/06 18:03:30 UTC"
,"icao":"EKKA","name":"Karup Int","lat":56.2991064,"lon":9.1106182,"rwys":5,"ils":2
,"runways":[
{"len_m":2992,"wid_m":22.86,"hdg":89,"surf":"Asphalt","rwy1":"09L","lat1":56.29908286,"lon1":009.07762294,"rwy2":"27R","lat2":56.29940114,"lon2":009.12595306},
{"len_m":2928,"wid_m":46.02,"hdg":89,"surf":"Asphalt","rwy1":"09R","lat1":56.29715055,"lon1":009.07733266,"rwy2":"27L","lat2":56.29745745,"lon2":009.12462734},
{"len_m":929,"wid_m":14.94,"hdg":33,"surf":"Asphalt","rwy1":"04","lat1":56.29750055,"lon1":009.10472256,"rwy2":"22","lat2":56.30444345,"lon2":009.11305544},
{"len_m":853,"wid_m":60.05,"hdg":89,"surf":"Turf/grass","rwy1":"09","lat1":56.29745800,"lon1":009.11773448,"rwy2":"27","lat2":56.29745800,"lon2":009.13152152},
{"len_m":702,"wid_m":17.98,"hdg":134,"surf":"Asphalt","rwy1":"14","lat1":56.30277835,"lon1":009.11277816,"rwy2":"32","lat2":56.29833365,"lon2":009.12083384}
]
,"radios":[
{"type":"TWR","freq":119.57,"desc":"TWR"},
{"type":"APP","freq":120.42,"desc":"APP"}
]
}
