{"success":true,"source":"xp2cvs.pl","last_updated":"2013/03/06 18:03:30 UTC"
,"icao":"EKOD","name":"Odense","lat":55.475290675,"lon":10.333263315,"rwys":2,"ils":1
,"runways":[
{"len_m":1845,"wid_m":45.11,"hdg":59,"surf":"Asphalt","rwy1":"06","lat1":55.47148611,"lon1":010.31529167,"rwy2":"24","lat2":55.47983056,"lon2":010.34050000},
{"len_m":694,"wid_m":29.87,"hdg":129,"surf":"Turf/grass","rwy1":"13","lat1":55.47692642,"lon1":010.33441819,"rwy2":"31","lat2":55.47291961,"lon2":010.34284340}
]
,"radios":[
{"type":"TWR","freq":119.52,"desc":"AFIS"}
]
}
