{"success":true,"source":"xp2cvs.pl","last_updated":"2013/03/06 18:03:30 UTC"
,"icao":"EKRK","name":"Copenhagen Roskilde Int","lat":55.5852955,"lon":12.129176,"rwys":2,"ils":2
,"runways":[
{"len_m":1805,"wid_m":32.00,"hdg":116,"surf":"Asphalt","rwy1":"11","lat1":55.58999899,"lon1":012.11555630,"rwy2":"29","lat2":55.58282101,"lon2":012.14123170},
{"len_m":1503,"wid_m":32.00,"hdg":30,"surf":"Asphalt","rwy1":"03","lat1":55.57838802,"lon1":012.12383107,"rwy2":"21","lat2":55.58997398,"lon2":012.13608493}
]
,"radios":[
{"type":"ATIS","freq":123.8,"desc":"ATIS"},
{"type":"TWR","freq":118.9,"desc":"TWR"},
{"type":"TWR","freq":119.65,"desc":"TWR"},
{"type":"APP","freq":125.52,"desc":"APP"}
]
}
