{"success":true,"source":"xp2cvs.pl","last_updated":"2013/03/06 18:03:30 UTC"
,"icao":"EKSP","name":"Vojens Skrydstrup [mil]","lat":55.2200735,"lon":9.2662615,"rwys":2,"ils":1
,"runways":[
{"len_m":3006,"wid_m":46.02,"hdg":105,"surf":"Asphalt","rwy1":"11L","lat1":55.22460048,"lon1":009.24394289,"rwy2":"29R","lat2":55.21740752,"lon2":009.28947511},
{"len_m":2972,"wid_m":24.08,"hdg":105,"surf":"Asphalt","rwy1":"11R","lat1":55.22269624,"lon1":009.24330738,"rwy2":"29L","lat2":55.21558976,"lon2":009.28832062}
]
,"radios":[
{"type":"TWR","freq":128.32,"desc":"TWR"},
{"type":"APP","freq":127.47,"desc":"APP"}
]
}
