{"success":true,"source":"xp2cvs.pl","last_updated":"2013/03/06 18:03:30 UTC"
,"icao":"EKYT","name":"Aalborg","lat":57.0941857625,"lon":9.855744,"rwys":2,"ils":2
,"runways":[
{"len_m":2654,"wid_m":45.11,"hdg":83,"surf":"Asphalt","rwy1":"08L","lat1":57.09371474,"lon1":009.83338123,"rwy2":"26R","lat2":57.09652392,"lon2":009.87687477},
{"len_m":2549,"wid_m":22.86,"hdg":83,"surf":"Asphalt","rwy1":"08R","lat1":57.09190815,"lon1":009.83547587,"rwy2":"26L","lat2":57.09459624,"lon2":009.87724413}
]
,"radios":[
{"type":"ATIS","freq":120.47,"desc":"ATIS"},
{"type":"TWR","freq":118.3,"desc":"TWR"},
{"type":"APP","freq":123.97,"desc":"APP"},
{"type":"APP","freq":120.7,"desc":"ARR"}
]
}
