{"success":true,"source":"xp2cvs.pl","last_updated":"2013/03/06 18:03:30 UTC"
,"icao":"ELLX","name":"Luxembourg","lat":49.628921875,"lon":6.214059075,"rwys":1,"ils":2
,"runways":[
{"len_m":4012,"wid_m":60.05,"hdg":60,"surf":"Asphalt","rwy1":"06","lat1":49.61764407,"lon1":006.18740444,"rwy2":"24","lat2":49.63555393,"lon2":006.23560752}
]
,"helipads":[
{"rwy1":"H1","len_m":27,"wid_m":27.13,"hdg":6,"surf":"Concrete","lat1":006.21661217,"lon1":006.18740444}
]
,"radios":[
{"type":"ATIS","freq":135.55,"desc":"ATIS"},
{"type":"TWR","freq":118.1,"desc":"TWR"},
{"type":"APP","freq":118.9,"desc":"APP"}
]
}
