{"success":true,"source":"xp2cvs.pl","last_updated":"2013/03/06 18:03:30 UTC"
,"icao":"ENAL","name":"Alesund Lufthavn - Vigra","lat":62.560371,"lon":6.110165,"rwys":1,"ils":1
,"runways":[
{"len_m":2312,"wid_m":45.11,"hdg":64,"surf":"Asphalt","rwy1":"07","lat1":62.55593100,"lon1":006.08984400,"rwy2":"25","lat2":62.56481100,"lon2":006.13048600}
]
,"radios":[
{"type":"ATIS","freq":128.65,"desc":"ATIS"},
{"type":"TWR","freq":119.85,"desc":"TWR"},
{"type":"TWR","freq":118.1,"desc":"TWR"},
{"type":"TWR","freq":122.1,"desc":"TWR"}
]
}
