{"success":true,"source":"xp2cvs.pl","last_updated":"2013/03/06 18:03:30 UTC"
,"icao":"ENBR","name":"Bergen Lufthavn Flesland","lat":60.29338797,"lon":5.21813987,"rwys":1,"ils":2
,"runways":[
{"len_m":2990,"wid_m":45.11,"hdg":170,"surf":"Asphalt","rwy1":"17","lat1":60.30662494,"lon1":005.21370074,"rwy2":"35","lat2":60.28015100,"lon2":005.22257900}
]
,"radios":[
{"type":"ATIS","freq":125.25,"desc":"Flesland Information"},
{"type":"GND","freq":121.9,"desc":"Flesland Ground"},
{"type":"TWR","freq":119.1,"desc":"Flesland Tower"},
{"type":"APP","freq":121,"desc":"Flesland Radar"},
{"type":"APP","freq":125,"desc":"Flesland Arrival"},
{"type":"APP","freq":118.85,"desc":"Flesland Director"}
]
}
