{"success":true,"source":"xp2cvs.pl","last_updated":"2013/03/06 18:03:30 UTC"
,"icao":"ENCN","name":"Kristiansand Lufthavn Kjevik","lat":58.2041905,"lon":8.0853375,"rwys":1,"ils":2
,"runways":[
{"len_m":2036,"wid_m":45.11,"hdg":34,"surf":"Asphalt","rwy1":"04","lat1":58.19670300,"lon1":008.07540600,"rwy2":"22","lat2":58.21167800,"lon2":008.09526900}
]
,"radios":[
{"type":"ATIS","freq":124.48,"desc":"Kjevik Information"},
{"type":"TWR","freq":118.1,"desc":"Kjevik Tower"},
{"type":"TWR","freq":122.1,"desc":"Kjevik Tower"},
{"type":"TWR","freq":119.95,"desc":"Kjevik Approach"}
]
}
