{"success":true,"source":"xp2cvs.pl","last_updated":"2013/03/06 18:03:30 UTC"
,"icao":"ENDU","name":"Bardufoss","lat":69.055932,"lon":18.538902,"rwys":1,"ils":1
,"runways":[
{"len_m":2454,"wid_m":45.11,"hdg":109,"surf":"Asphalt","rwy1":"10","lat1":69.05951943,"lon1":018.50983780,"rwy2":"28","lat2":69.05234457,"lon2":018.56796620}
]
,"radios":[
{"type":"ATIS","freq":129.72,"desc":"ATIS"},
{"type":"TWR","freq":122.1,"desc":"TWR"},
{"type":"TWR","freq":118.1,"desc":"TWR"},
{"type":"APP","freq":118.8,"desc":"APP"},
{"type":"APP","freq":125.85,"desc":"APP"}
]
}
