{"success":true,"source":"xp2cvs.pl","last_updated":"2013/03/06 18:03:30 UTC"
,"icao":"ENGM","name":"Oslo Gardermoen","lat":60.2020257675,"lon":11.0951483825,"rwys":2,"ils":4
,"runways":[
{"len_m":3708,"wid_m":45.11,"hdg":15,"surf":"Concrete","rwy1":"01L","lat1":60.18474752,"lon1":011.07368747,"rwy2":"19R","lat2":60.21675432,"lon2":011.09203368},
{"len_m":3057,"wid_m":45.11,"hdg":15,"surf":"Concrete","rwy1":"01R","lat1":60.17506763,"lon1":011.10757469,"rwy2":"19L","lat2":60.20145933,"lon2":011.12269658}
]
,"helipads":[
{"rwy1":"H1","len_m":34,"wid_m":34.14,"hdg":11,"surf":"Concrete","lat1":011.10103625,"lon1":011.10757469},
{"rwy1":"H2","len_m":34,"wid_m":32.00,"hdg":11,"surf":"Transparent","lat1":011.08156107,"lon1":011.10757469}
]
,"radios":[
{"type":"ATIS","freq":127.15,"desc":"Gardermoen Departure Information"},
{"type":"ATIS","freq":126.13,"desc":"Gardermoen Arrival Information"},
{"type":"CLD","freq":121.6,"desc":"Gardermoen Delivery"},
{"type":"GND","freq":121.67,"desc":"Gardermoen Ground"},
{"type":"GND","freq":121.72,"desc":"Gardermoen Ground"},
{"type":"GND","freq":121.92,"desc":"Gardermoen Ground"},
{"type":"TWR","freq":118.3,"desc":"Gardermoen Tower"},
{"type":"TWR","freq":118.7,"desc":"Gardermoen Tower"},
{"type":"TWR","freq":120.1,"desc":"Gardermoen Tower"},
{"type":"TWR","freq":123.32,"desc":"Gardermoen Tower"},
{"type":"TWR","freq":121.5,"desc":"Gardermoen Tower"},
{"type":"APP","freq":119.97,"desc":"Gardermoen APP Sector East"},
{"type":"APP","freq":120.45,"desc":"Gardermoen APP Sector West"},
{"type":"DEP","freq":131.35,"desc":"Gardermoen APP"}
]
}
