{"success":true,"source":"xp2cvs.pl","last_updated":"2013/03/06 18:03:30 UTC"
,"icao":"ENHD","name":"Haugesund Lufthavn Karmoy","lat":59.3440155,"lon":5.210871,"rwys":1,"ils":1
,"runways":[
{"len_m":2120,"wid_m":45.11,"hdg":134,"surf":"Asphalt","rwy1":"14","lat1":59.35066400,"lon1":005.19753900,"rwy2":"32","lat2":59.33736700,"lon2":005.22420300}
]
,"radios":[
{"type":"ATIS","freq":118.17,"desc":"ATIS"},
{"type":"TWR","freq":120.5,"desc":"TWR"},
{"type":"TWR","freq":121.1,"desc":"TWR"}
]
}
