{"success":true,"source":"xp2cvs.pl","last_updated":"2013/03/06 18:03:30 UTC"
,"icao":"ENKR","name":"Hoybuktmoen","lat":69.7252152,"lon":29.89079978,"rwys":1,"ils":1
,"runways":[
{"len_m":1894,"wid_m":45.11,"hdg":69,"surf":"Asphalt","rwy1":"06","lat1":69.72218220,"lon1":029.86793578,"rwy2":"24","lat2":69.72824820,"lon2":029.91366378}
]
,"radios":[
{"type":"ATIS","freq":118.02,"desc":"ATIS"},
{"type":"TWR","freq":118.1,"desc":"KIRKENES TWR"},
{"type":"TWR","freq":120.35,"desc":"KIRKENES TWR"},
{"type":"TWR","freq":122.1,"desc":"KIRKENES TWR"}
]
}
