{"success":true,"source":"xp2cvs.pl","last_updated":"2013/03/06 18:03:30 UTC"
,"icao":"ENOL","name":"Orland","lat":63.6989085,"lon":9.6040015,"rwys":1,"ils":2
,"runways":[
{"len_m":2714,"wid_m":45.11,"hdg":154,"surf":"Asphalt","rwy1":"15","lat1":63.70985600,"lon1":009.59198900,"rwy2":"33","lat2":63.68796100,"lon2":009.61601400}
]
,"radios":[
{"type":"TWR","freq":118.25,"desc":"TWR"},
{"type":"TWR","freq":122.1,"desc":"TWR"},
{"type":"TWR","freq":118.7,"desc":"TWR"},
{"type":"APP","freq":118.25,"desc":"APP"},
{"type":"APP","freq":126.2,"desc":"ARR"}
]
}
