{"success":true,"source":"xp2cvs.pl","last_updated":"2013/03/06 18:03:30 UTC"
,"icao":"ENRY","name":"Rygge","lat":59.378793,"lon":10.7854265,"rwys":1,"ils":1
,"runways":[
{"len_m":2442,"wid_m":45.11,"hdg":116,"surf":"Asphalt","rwy1":"12","lat1":59.38373600,"lon1":010.76625000,"rwy2":"30","lat2":59.37385000,"lon2":010.80460300}
]
,"radios":[
{"type":"ATIS","freq":136.17,"desc":"ATIS"},
{"type":"TWR","freq":119.5,"desc":"TWR"},
{"type":"APP","freq":122.1,"desc":"APP"},
{"type":"APP","freq":124.35,"desc":"APP"},
{"type":"APP","freq":120.3,"desc":"ARRIVAL"}
]
}
