{"success":true,"source":"xp2cvs.pl","last_updated":"2013/03/06 18:03:30 UTC"
,"icao":"ENTO","name":"Torp","lat":59.1866625,"lon":10.2585955,"rwys":1,"ils":2
,"runways":[
{"len_m":2997,"wid_m":45.11,"hdg":179,"surf":"Asphalt","rwy1":"18","lat1":59.20011700,"lon1":010.25831900,"rwy2":"36","lat2":59.17320800,"lon2":010.25887200}
]
,"radios":[
{"type":"ATIS","freq":119.07,"desc":"ATIS"},
{"type":"GND","freq":126.17,"desc":"GND"},
{"type":"TWR","freq":118.65,"desc":"TWR"},
{"type":"APP","freq":134.05,"desc":"FARRIS TCA"}
]
}
