{"success":true,"source":"xp2cvs.pl","last_updated":"2013/03/06 18:03:30 UTC"
,"icao":"ENVA","name":"Vaernes","lat":63.4596647075,"lon":10.9241639725,"rwys":2,"ils":2
,"runways":[
{"len_m":2861,"wid_m":45.11,"hdg":90,"surf":"Asphalt","rwy1":"09","lat1":63.45765623,"lon1":010.88929278,"rwy2":"27","lat2":63.45755277,"lon2":010.94666812},
{"len_m":953,"wid_m":35.97,"hdg":131,"surf":"Asphalt","rwy1":"14","lat1":63.46454479,"lon1":010.92315731,"rwy2":"32","lat2":63.45890504,"lon2":010.93753768}
]
,"radios":[
{"type":"ATIS","freq":127.55,"desc":"ATIS"},
{"type":"TWR","freq":119.4,"desc":"TWR"},
{"type":"TWR","freq":122.1,"desc":"TWR"},
{"type":"TWR","freq":133.75,"desc":"TWR"},
{"type":"APP","freq":118.6,"desc":"APP"},
{"type":"APP","freq":119.15,"desc":"APP"}
]
}
