{"success":true,"source":"xp2cvs.pl","last_updated":"2013/03/06 18:03:30 UTC"
,"icao":"ENZV","name":"Stavanger Lufthavn Sola","lat":58.88046425,"lon":5.63142975,"rwys":2,"ils":3
,"runways":[
{"len_m":2555,"wid_m":60.05,"hdg":179,"surf":"Asphalt","rwy1":"18","lat1":58.89370000,"lon1":005.63732800,"rwy2":"36","lat2":58.87076000,"lon2":005.63801000},
{"len_m":2451,"wid_m":45.11,"hdg":106,"surf":"Asphalt","rwy1":"11","lat1":58.88178900,"lon1":005.60479200,"rwy2":"29","lat2":58.87560800,"lon2":005.64558900}
]
,"radios":[
{"type":"ATIS","freq":126,"desc":"ATIS"},
{"type":"GND","freq":121.75,"desc":"GND"},
{"type":"TWR","freq":118.35,"desc":"TWR"},
{"type":"TWR","freq":122.1,"desc":"TWR"},
{"type":"APP","freq":119.6,"desc":"RADAR"},
{"type":"APP","freq":118.5,"desc":"ARR"}
]
}
