{"success":true,"source":"xp2cvs.pl","last_updated":"2013/03/06 18:03:30 UTC"
,"icao":"EPBY","name":"Szwederowo","lat":53.1030545,"lon":17.96554775,"rwys":4,"ils":1
,"runways":[
{"len_m":2500,"wid_m":60.05,"hdg":82,"surf":"Concrete","rwy1":"08","lat1":53.09524724,"lon1":017.95918777,"rwy2":"26","lat2":53.09835876,"lon2":017.99615223},
{"len_m":652,"wid_m":99.97,"hdg":119,"surf":"Turf/grass","rwy1":"12","lat1":53.10535869,"lon1":017.95588214,"rwy2":"30","lat2":53.10243331,"lon2":017.96432186},
{"len_m":652,"wid_m":99.97,"hdg":85,"surf":"Turf/grass","rwy1":"08L","lat1":53.10649404,"lon1":017.95631754,"rwy2":"26R","lat2":53.10700396,"lon2":017.96602646},
{"len_m":591,"wid_m":99.97,"hdg":30,"surf":"Turf/grass","rwy1":"03","lat1":53.10247052,"lon1":017.96103563,"rwy2":"21","lat2":53.10706948,"lon2":017.96545837}
]
,"radios":[
{"type":"TWR","freq":131,"desc":"BYDGOSZCZ TWR"}
]
}
