{"success":true,"source":"xp2cvs.pl","last_updated":"2013/03/06 18:03:30 UTC"
,"icao":"EPGD","name":"Lech Walesa","lat":54.376167,"lon":18.471884,"rwys":1,"ils":1
,"runways":[
{"len_m":2798,"wid_m":45.11,"hdg":112,"surf":"Asphalt","rwy1":"11","lat1":54.38106577,"lon1":018.45205094,"rwy2":"29","lat2":54.37126823,"lon2":018.49171706}
]
,"radios":[
{"type":"ATIS","freq":129.62,"desc":"ATIS"},
{"type":"TWR","freq":118.1,"desc":"GDANSK TWR"},
{"type":"APP","freq":130.87,"desc":"GDANSK APP"}
]
}
