{"success":true,"source":"xp2cvs.pl","last_updated":"2013/03/06 18:03:30 UTC"
,"icao":"EPKK","name":"Balice","lat":50.077821,"lon":19.785503,"rwys":1,"ils":1
,"runways":[
{"len_m":2549,"wid_m":60.05,"hdg":77,"surf":"Concrete","rwy1":"07","lat1":50.07539747,"lon1":019.76809501,"rwy2":"25","lat2":50.08024453,"lon2":019.80291099}
]
,"radios":[
{"type":"ATIS","freq":126.12,"desc":"ATIS"},
{"type":"TWR","freq":118.1,"desc":"KRAKOW DELIVERY"},
{"type":"TWR","freq":123.25,"desc":"KRAKOW TWR"},
{"type":"APP","freq":124.05,"desc":"KRAKOW DIRECTOR"},
{"type":"APP","freq":121.07,"desc":"KRAKOW APP"}
]
}
