{"success":true,"source":"xp2cvs.pl","last_updated":"2013/03/06 18:03:30 UTC"
,"icao":"EPLL","name":"Lublinek","lat":51.720129,"lon":19.3953645,"rwys":2,"ils":1
,"runways":[
{"len_m":2508,"wid_m":45.11,"hdg":70,"surf":"Asphalt","rwy1":"07L","lat1":51.71619353,"lon1":019.37210200,"rwy2":"25R","lat2":51.72366647,"lon2":019.40635600},
{"len_m":702,"wid_m":174.96,"hdg":70,"surf":"Turf/grass","rwy1":"07R","lat1":51.71928159,"lon1":019.39670348,"rwy2":"25L","lat2":51.72137441,"lon2":019.40629652}
]
,"radios":[
{"type":"TWR","freq":124.22,"desc":"TWR"}
]
}
