{"success":true,"source":"xp2cvs.pl","last_updated":"2013/03/06 18:03:30 UTC"
,"icao":"EPRZ","name":"Jasionka","lat":50.107614,"lon":22.036096,"rwys":2,"ils":1
,"runways":[
{"len_m":3199,"wid_m":45.11,"hdg":91,"surf":"Concrete","rwy1":"09","lat1":50.11018840,"lon1":022.00154562,"rwy2":"27","lat2":50.10959760,"lon2":022.04627038},
{"len_m":827,"wid_m":320.04,"hdg":80,"surf":"Turf/grass","rwy1":"08","lat1":50.10473780,"lon1":022.04257303,"rwy2":"26","lat2":50.10593220,"lon2":022.05399497}
]
,"radios":[
{"type":"TWR","freq":126.8,"desc":"RZESZOW TWR"}
]
}
