{"success":true,"source":"xp2cvs.pl","last_updated":"2013/03/06 18:03:30 UTC"
,"icao":"EPWA","name":"Warszawa Okecie","lat":52.16509137,"lon":20.96692341,"rwys":2,"ils":2
,"runways":[
{"len_m":2799,"wid_m":49.99,"hdg":114,"surf":"Asphalt","rwy1":"11","lat1":52.17146740,"lon1":020.94662620,"rwy2":"29","lat2":52.16099086,"lon2":020.98383199},
{"len_m":3695,"wid_m":60.05,"hdg":151,"surf":"Asphalt","rwy1":"15","lat1":52.17858878,"lon1":020.95585875,"rwy2":"33","lat2":52.14931844,"lon2":020.98137670}
]
,"radios":[
{"type":"ATIS","freq":120.45,"desc":"ATIS"},
{"type":"CLD","freq":121.6,"desc":"CLNC DEL"},
{"type":"GND","freq":121.9,"desc":"GND"},
{"type":"TWR","freq":118.3,"desc":"TWR"},
{"type":"APP","freq":129.37,"desc":"WARSZAWA DIR"}
]
}
