{"success":true,"source":"xp2cvs.pl","last_updated":"2013/03/06 18:03:30 UTC"
,"icao":"ESCF","name":"Linkoping Malmen","lat":58.3993985,"lon":15.52670975,"rwys":2,"ils":1
,"runways":[
{"len_m":2214,"wid_m":35.05,"hdg":18,"surf":"Asphalt","rwy1":"01","lat1":58.38673600,"lon1":015.51599400,"rwy2":"19","lat2":58.40560800,"lon2":015.52790000},
{"len_m":1870,"wid_m":36.88,"hdg":83,"surf":"Asphalt","rwy1":"08","lat1":58.40163600,"lon1":015.51559200,"rwy2":"26","lat2":58.40361400,"lon2":015.54735300}
]
,"radios":[
{"type":"GND","freq":121.85,"desc":"GND"},
{"type":"TWR","freq":132.6,"desc":"TWR"},
{"type":"TWR","freq":121.05,"desc":"TWR"},
{"type":"TWR","freq":129.8,"desc":"TWR"},
{"type":"APP","freq":132.95,"desc":"OSTGOTA APP"},
{"type":"APP","freq":135.85,"desc":"OSTGOTA APP"},
{"type":"APP","freq":126.4,"desc":"OSTGOTA APP"}
]
}
