{"success":true,"source":"xp2cvs.pl","last_updated":"2013/03/06 18:03:30 UTC"
,"icao":"ESDF","name":"Ronneby","lat":56.2646225,"lon":15.2634285,"rwys":2,"ils":1
,"runways":[
{"len_m":2330,"wid_m":45.11,"hdg":8,"surf":"Asphalt","rwy1":"01","lat1":56.25693100,"lon1":015.26254700,"rwy2":"19","lat2":56.27762500,"lon2":015.26823100},
{"len_m":763,"wid_m":45.72,"hdg":8,"surf":"Dirt","rwy1":"01L","lat1":56.25857745,"lon1":015.26053739,"rwy2":"19R","lat2":56.26535655,"lon2":015.26239861}
]
,"radios":[
{"type":"GND","freq":121.7,"desc":"GND"},
{"type":"TWR","freq":119.2,"desc":"TWR"},
{"type":"APP","freq":128.44,"desc":"CON"},
{"type":"APP","freq":128.45,"desc":"CON"},
{"type":"APP","freq":129.9,"desc":"CON"}
]
}
