{"success":true,"source":"xp2cvs.pl","last_updated":"2013/03/06 18:03:30 UTC"
,"icao":"ESGG","name":"Goteborg Landvetter","lat":57.66283645,"lon":12.27981861,"rwys":1,"ils":2
,"runways":[
{"len_m":3298,"wid_m":45.11,"hdg":25,"surf":"Asphalt","rwy1":"03","lat1":57.64952545,"lon1":012.26770711,"rwy2":"21","lat2":57.67614745,"lon2":012.29193011}
]
,"radios":[
{"type":"ATIS","freq":118.37,"desc":"ATIS"},
{"type":"GND","freq":121.6,"desc":"GND"},
{"type":"GND","freq":121.9,"desc":"GND"},
{"type":"TWR","freq":118.6,"desc":"TWR"},
{"type":"TWR","freq":123.1,"desc":"TWR"},
{"type":"APP","freq":123.1,"desc":"GOTEBORG APP"},
{"type":"APP","freq":123.3,"desc":"GOTEBORG APP"},
{"type":"APP","freq":124.2,"desc":"GOTEBORG APP"},
{"type":"APP","freq":124.67,"desc":"GOTEBORG APP"}
]
}
