{"success":true,"source":"xp2cvs.pl","last_updated":"2013/03/06 18:03:30 UTC"
,"icao":"ESGJ","name":"Jonkoping","lat":57.7550465,"lon":14.0711015,"rwys":2,"ils":1
,"runways":[
{"len_m":2203,"wid_m":45.11,"hdg":18,"surf":"Asphalt","rwy1":"01","lat1":57.74818900,"lon1":014.06298900,"rwy2":"19","lat2":57.76699700,"lon2":014.07447200},
{"len_m":599,"wid_m":24.99,"hdg":114,"surf":"Dirt","rwy1":"11","lat1":57.75361100,"lon1":014.06888900,"rwy2":"29","lat2":57.75138900,"lon2":014.07805600}
]
,"radios":[
{"type":"TWR","freq":118.25,"desc":"TWR"}
]
}
