{"success":true,"source":"xp2cvs.pl","last_updated":"2013/03/06 18:03:30 UTC"
,"icao":"ESGP","name":"Goteborg Save","lat":57.776839,"lon":11.8739175,"rwys":2,"ils":1
,"runways":[
{"len_m":2038,"wid_m":39.93,"hdg":5,"surf":"Asphalt","rwy1":"01","lat1":57.76589200,"lon1":011.86882800,"rwy2":"19","lat2":57.78412800,"lon2":011.87181700},
{"len_m":871,"wid_m":29.87,"hdg":44,"surf":"Asphalt","rwy1":"04","lat1":57.77587500,"lon1":011.87238300,"rwy2":"22","lat2":57.78146100,"lon2":011.88264200}
]
,"radios":[
{"type":"TWR","freq":119.05,"desc":"AFIS"},
{"type":"TWR","freq":129.1,"desc":"AFIS"},
{"type":"TWR","freq":129.1,"desc":"TWR"},
{"type":"TWR","freq":119.05,"desc":"TWR"},
{"type":"APP","freq":124.67,"desc":"GOTEBERG CON"}
]
}
