{"success":true,"source":"xp2cvs.pl","last_updated":"2013/03/06 18:03:30 UTC"
,"icao":"ESIB","name":"Satenas","lat":58.42908475,"lon":12.710643,"rwys":2,"ils":1
,"runways":[
{"len_m":2264,"wid_m":39.93,"hdg":4,"surf":"Asphalt","rwy1":"01","lat1":58.41816400,"lon1":012.70966700,"rwy2":"19","lat2":58.43842500,"lon2":012.71276100},
{"len_m":1933,"wid_m":39.93,"hdg":111,"surf":"Asphalt","rwy1":"11","lat1":58.43311100,"lon1":012.69472200,"rwy2":"29","lat2":58.42663900,"lon2":012.72542200}
]
,"radios":[
{"type":"GND","freq":134.3,"desc":"GND"},
{"type":"TWR","freq":128.2,"desc":"TWR"},
{"type":"APP","freq":134.55,"desc":"CON"},
{"type":"APP","freq":123,"desc":"CON"}
]
}
