{"success":true,"source":"xp2cvs.pl","last_updated":"2013/03/06 18:03:30 UTC"
,"icao":"ESKN","name":"Stockholm Skavsta","lat":58.79043925,"lon":16.90732775,"rwys":2,"ils":1
,"runways":[
{"len_m":2877,"wid_m":45.11,"hdg":83,"surf":"Asphalt","rwy1":"08","lat1":58.78666200,"lon1":016.88036700,"rwy2":"26","lat2":58.78977200,"lon2":016.92977200},
{"len_m":2039,"wid_m":39.93,"hdg":161,"surf":"Asphalt","rwy1":"16","lat1":58.80135600,"lon1":016.90407800,"rwy2":"34","lat2":58.78396700,"lon2":016.91509400}
]
,"radios":[
{"type":"ATIS","freq":126.75,"desc":"ATIS"},
{"type":"TWR","freq":127.7,"desc":"TWR"}
]
}
