{"success":true,"source":"xp2cvs.pl","last_updated":"2013/03/06 18:03:30 UTC"
,"icao":"ESMQ","name":"Kalmar","lat":56.68564575,"lon":16.2830585,"rwys":2,"ils":1
,"runways":[
{"len_m":2050,"wid_m":45.11,"hdg":152,"surf":"Asphalt","rwy1":"16","lat1":56.69681900,"lon1":016.27666100,"rwy2":"34","lat2":56.68053600,"lon2":016.29227500},
{"len_m":664,"wid_m":39.93,"hdg":48,"surf":"Asphalt","rwy1":"05","lat1":56.68062200,"lon1":016.27761700,"rwy2":"23","lat2":56.68460600,"lon2":016.28568100}
]
,"radios":[
{"type":"TWR","freq":125.45,"desc":"TWR"},
{"type":"TWR","freq":130.8,"desc":"TWR"}
]
}
