{"success":true,"source":"xp2cvs.pl","last_updated":"2013/03/06 18:03:30 UTC"
,"icao":"ESMS","name":"Malmo Sturup","lat":55.5288835,"lon":13.371109,"rwys":2,"ils":2
,"runways":[
{"len_m":2799,"wid_m":45.11,"hdg":173,"surf":"Asphalt","rwy1":"17","lat1":55.54805600,"lon1":013.37377800,"rwy2":"35","lat2":55.52307800,"lon2":013.37891100},
{"len_m":797,"wid_m":17.98,"hdg":105,"surf":"Asphalt","rwy1":"11","lat1":55.52314400,"lon1":013.35978300,"rwy2":"29","lat2":55.52125600,"lon2":013.37196400}
]
,"radios":[
{"type":"ATIS","freq":129.27,"desc":"ATIS"},
{"type":"TWR","freq":118.8,"desc":"TWR"},
{"type":"TWR","freq":121.7,"desc":"TWR"},
{"type":"APP","freq":135.12,"desc":"MALMO CON"},
{"type":"APP","freq":135.9,"desc":"MALMO CON"}
]
}
