{"success":true,"source":"xp2cvs.pl","last_updated":"2013/03/06 18:03:30 UTC"
,"icao":"ESNN","name":"Sundsvall Harnosand/midlanda","lat":62.52081125,"lon":17.44125,"rwys":2,"ils":2
,"runways":[
{"len_m":2089,"wid_m":45.11,"hdg":160,"surf":"Asphalt","rwy1":"16","lat1":62.53656400,"lon1":017.43733600,"rwy2":"34","lat2":62.51892500,"lon2":017.45110800},
{"len_m":0,"wid_m":30.48,"hdg":0,"surf":"0","rwy1":"017.44124959","lat1":,"lon1":,"rwy2":"","lat2":,"lon2":}
]
,"radios":[
{"type":"ATIS","freq":127.4,"desc":"ATIS"},
{"type":"TWR","freq":118.1,"desc":"TWR"},
{"type":"TWR","freq":129.55,"desc":"TWR"}
]
}
