{"success":true,"source":"xp2cvs.pl","last_updated":"2013/03/06 18:03:30 UTC"
,"icao":"ESNX","name":"Arvidsjaur","lat":65.59962125,"lon":19.24779675,"rwys":2,"ils":2
,"runways":[
{"len_m":2499,"wid_m":45.11,"hdg":128,"surf":"Asphalt","rwy1":"12","lat1":65.59855600,"lon1":019.25617500,"rwy2":"30","lat2":65.58468900,"lon2":019.29875600},
{"len_m":0,"wid_m":30.48,"hdg":0,"surf":"0","rwy1":"019.22321597","lat1":,"lon1":,"rwy2":"","lat2":,"lon2":}
]
,"radios":[
{"type":"TWR","freq":123,"desc":"AFIS"},
{"type":"TWR","freq":123,"desc":"TWR"}
]
}
