{"success":true,"source":"xp2cvs.pl","last_updated":"2013/03/06 18:03:30 UTC"
,"icao":"ESNY","name":"Soderhamn","lat":61.261082,"lon":17.0978805,"rwys":2,"ils":1
,"runways":[
{"len_m":2524,"wid_m":39.93,"hdg":129,"surf":"Asphalt","rwy1":"12","lat1":61.26870000,"lon1":017.08092500,"rwy2":"30","lat2":61.25426100,"lon2":017.11717200},
{"len_m":812,"wid_m":17.07,"hdg":31,"surf":"Asphalt","rwy1":"03","lat1":61.25756100,"lon1":017.09281100,"rwy2":"21","lat2":61.26380600,"lon2":017.10061400}
]
,"radios":[
{"type":"TWR","freq":135.35,"desc":"AFIS"}
]
}
