{"success":true,"source":"xp2cvs.pl","last_updated":"2013/03/06 18:03:30 UTC"
,"icao":"ESOK","name":"Karlstad","lat":59.4486255,"lon":13.33853625,"rwys":2,"ils":2
,"runways":[
{"len_m":2516,"wid_m":45.11,"hdg":25,"surf":"Asphalt","rwy1":"03","lat1":59.43453300,"lon1":013.32776400,"rwy2":"21","lat2":59.45489200,"lon2":013.34696700},
{"len_m":559,"wid_m":51.82,"hdg":26,"surf":"Dirt","rwy1":"03L","lat1":59.45028300,"lon1":013.33753100,"rwy2":"21R","lat2":59.45479400,"lon2":013.34188300}
]
,"radios":[
{"type":"TWR","freq":119.45,"desc":"TWR"}
]
}
