{"success":true,"source":"xp2cvs.pl","last_updated":"2013/03/06 18:03:30 UTC"
,"icao":"ESPA","name":"Lulea Kallax","lat":65.543757,"lon":22.1219795,"rwys":1,"ils":2
,"runways":[
{"len_m":3349,"wid_m":45.11,"hdg":137,"surf":"Asphalt","rwy1":"14","lat1":65.55479700,"lon1":022.09740600,"rwy2":"32","lat2":65.53271700,"lon2":022.14655300}
]
,"radios":[
{"type":"TWR","freq":128.19,"desc":"TWR"},
{"type":"TWR","freq":128.2,"desc":"TWR"},
{"type":"APP","freq":125.45,"desc":"CON"},
{"type":"APP","freq":130.8,"desc":"CON"}
]
}
