{"success":true,"source":"xp2cvs.pl","last_updated":"2013/03/06 18:03:30 UTC"
,"icao":"ESSA","name":"Stockholm Arlanda","lat":59.6501396783333,"lon":17.9436279,"rwys":3,"ils":5
,"runways":[
{"len_m":3301,"wid_m":45.11,"hdg":10,"surf":"Concrete","rwy1":"01L","lat1":59.63725600,"lon1":017.91322498,"rwy2":"19R","lat2":59.66640300,"lon2":017.92376698},
{"len_m":2500,"wid_m":45.11,"hdg":75,"surf":"Concrete","rwy1":"08","lat1":59.65841857,"lon1":017.93613308,"rwy2":"26","lat2":59.66389700,"lon2":017.97915298},
{"len_m":2499,"wid_m":45.11,"hdg":10,"surf":"Asphalt","rwy1":"01R","lat1":59.62639650,"lon1":017.95074240,"rwy2":"19L","lat2":59.64846700,"lon2":017.95874698}
]
,"radios":[
{"type":"ATIS","freq":121.62,"desc":"ATIS"},
{"type":"CLD","freq":121.82,"desc":"CLNC DEL"},
{"type":"GND","freq":121.97,"desc":"GND"},
{"type":"TWR","freq":125.12,"desc":"TWR"},
{"type":"APP","freq":123.75,"desc":"STOCKHOLM CON"}
]
}
