{"success":true,"source":"xp2cvs.pl","last_updated":"2013/03/06 18:03:30 UTC"
,"icao":"ESSB","name":"Bromma","lat":59.354389285,"lon":17.94160382,"rwys":1,"ils":2
,"runways":[
{"len_m":1895,"wid_m":45.11,"hdg":125,"surf":"Asphalt","rwy1":"12","lat1":59.35927200,"lon1":017.92796119,"rwy2":"30","lat2":59.34950657,"lon2":017.95524645}
]
,"radios":[
{"type":"ATIS","freq":122.45,"desc":"ATIS"},
{"type":"GND","freq":121.6,"desc":"GND"},
{"type":"TWR","freq":118.1,"desc":"TWR"},
{"type":"TWR","freq":119.4,"desc":"TWR"},
{"type":"APP","freq":120.15,"desc":"APP"},
{"type":"APP","freq":123.3,"desc":"APP"}
]
}
