{"success":true,"source":"xp2cvs.pl","last_updated":"2013/03/06 18:03:30 UTC"
,"icao":"ESSD","name":"Borlange","lat":60.4244215,"lon":15.50584125,"rwys":2,"ils":1
,"runways":[
{"len_m":2310,"wid_m":45.11,"hdg":132,"surf":"Asphalt","rwy1":"14","lat1":60.42908900,"lon1":015.49987800,"rwy2":"32","lat2":60.41509700,"lon2":015.53083900},
{"len_m":722,"wid_m":49.68,"hdg":119,"surf":"Turf/grass","rwy1":"12","lat1":60.42836836,"lon1":015.49064441,"rwy2":"30","lat2":60.42513164,"lon2":015.50200359}
]
,"radios":[
{"type":"TWR","freq":123.3,"desc":"TWR"},
{"type":"TWR","freq":127.3,"desc":"TWR"}
]
}
