{"success":true,"source":"xp2cvs.pl","last_updated":"2013/03/06 18:03:30 UTC"
,"icao":"ESSL","name":"Linkoping Saab","lat":58.4062905,"lon":15.68024,"rwys":1,"ils":2
,"runways":[
{"len_m":2130,"wid_m":39.93,"hdg":112,"surf":"Asphalt","rwy1":"11","lat1":58.40990000,"lon1":015.66336900,"rwy2":"29","lat2":58.40268100,"lon2":015.69711100}
]
,"radios":[
{"type":"TWR","freq":123.4,"desc":"TWR"},
{"type":"TWR","freq":133.1,"desc":"TWR"},
{"type":"TWR","freq":128.7,"desc":"TWR"},
{"type":"TWR","freq":118.8,"desc":"TWR"}
]
}
