{"success":true,"source":"xp2cvs.pl","last_updated":"2013/03/06 18:03:30 UTC"
,"icao":"ESSP","name":"Norrkoping Kungsangen","lat":58.58748625,"lon":16.24560075,"rwys":2,"ils":1
,"runways":[
{"len_m":2202,"wid_m":45.11,"hdg":90,"surf":"Asphalt","rwy1":"09","lat1":58.58611400,"lon1":016.23169200,"rwy2":"27","lat2":58.58581400,"lon2":016.26955800},
{"len_m":593,"wid_m":35.05,"hdg":115,"surf":"Turf/grass","rwy1":"11","lat1":58.59016400,"lon1":016.23597800,"rwy2":"29","lat2":58.58785300,"lon2":016.24517500}
]
,"radios":[
{"type":"TWR","freq":123.3,"desc":"TWR"},
{"type":"TWR","freq":120.35,"desc":"TWR"},
{"type":"APP","freq":133.35,"desc":"OSTGOTA APP"},
{"type":"APP","freq":132.95,"desc":"OSTGOTA APP"}
]
}
