{"success":true,"source":"xp2cvs.pl","last_updated":"2013/03/06 18:03:30 UTC"
,"icao":"ESSV","name":"Visby","lat":57.656405,"lon":18.3424485,"rwys":2,"ils":1
,"runways":[
{"len_m":2000,"wid_m":45.11,"hdg":20,"surf":"Asphalt","rwy1":"03","lat1":57.65441400,"lon1":018.34020800,"rwy2":"21","lat2":57.67118100,"lon2":018.35221100},
{"len_m":1100,"wid_m":39.93,"hdg":101,"surf":"Turf/grass","rwy1":"10","lat1":57.65098900,"lon1":018.32965300,"rwy2":"28","lat2":57.64903600,"lon2":018.34772200}
]
,"radios":[
{"type":"TWR","freq":120.3,"desc":"TWR"},
{"type":"APP","freq":126.15,"desc":"CON"}
]
}
