{"success":true,"source":"xp2cvs.pl","last_updated":"2013/03/06 18:03:30 UTC"
,"icao":"ETAD","name":"Spangdahlem Ab","lat":49.976542,"lon":6.6985085,"rwys":1,"ils":2
,"runways":[
{"len_m":3050,"wid_m":45.11,"hdg":44,"surf":"Asphalt","rwy1":"05","lat1":49.96679200,"lon1":006.68356100,"rwy2":"23","lat2":49.98629200,"lon2":006.71345600}
]
,"radios":[
{"type":"TWR","freq":122.2,"desc":"TWR"},
{"type":"APP","freq":129.47,"desc":"GCA"},
{"type":"APP","freq":125.6,"desc":"LANGEN RADAR"}
]
}
