{"success":true,"source":"xp2cvs.pl","last_updated":"2013/03/06 18:03:30 UTC"
,"icao":"ETAR","name":"Ramstein Ab","lat":49.43569775,"lon":7.6004985,"rwys":2,"ils":2
,"runways":[
{"len_m":3199,"wid_m":45.11,"hdg":82,"surf":"Asphalt","rwy1":"08","lat1":49.43256100,"lon1":007.57882800,"rwy2":"26","lat2":49.43640800,"lon2":007.62254400},
{"len_m":2817,"wid_m":45.11,"hdg":86,"surf":"Asphalt","rwy1":"09","lat1":49.43610000,"lon1":007.58092500,"rwy2":"27","lat2":49.43772200,"lon2":007.61969700}
]
,"radios":[
{"type":"GND","freq":121.77,"desc":"RAMSTEIN GND"},
{"type":"TWR","freq":122.1,"desc":"RAMSTEIN TWR"},
{"type":"TWR","freq":123.55,"desc":"RAMSTEIN TWR"}
]
}
