{"success":true,"source":"xp2cvs.pl","last_updated":"2013/03/06 18:03:30 UTC"
,"icao":"ETHN","name":"Niederstetten","lat":49.3918335,"lon":9.9581665,"rwys":1,"ils":1
,"runways":[
{"len_m":1002,"wid_m":29.87,"hdg":74,"surf":"Asphalt","rwy1":"07","lat1":49.39066700,"lon1":009.95150000,"rwy2":"25","lat2":49.39300000,"lon2":009.96483300}
]
,"radios":[
{"type":"TWR","freq":122.1,"desc":"STETTEN TWR"},
{"type":"APP","freq":123.3,"desc":"STETTEN RADAR"},
{"type":"APP","freq":135.6,"desc":"STETTEN RADAR"}
]
}
