{"success":true,"source":"xp2cvs.pl","last_updated":"2013/03/06 18:03:30 UTC"
,"icao":"ETMN","name":"Nordholz","lat":53.7676655,"lon":8.658501,"rwys":1,"ils":1
,"runways":[
{"len_m":2439,"wid_m":45.11,"hdg":78,"surf":"Concrete","rwy1":"08","lat1":53.76544900,"lon1":008.64038900,"rwy2":"26","lat2":53.76988200,"lon2":008.67661300}
]
,"radios":[
{"type":"TWR","freq":125.1,"desc":"BREMEN INFO"},
{"type":"TWR","freq":122.1,"desc":"TWR"},
{"type":"TWR","freq":131.25,"desc":"TWR"},
{"type":"APP","freq":123.3,"desc":"RADAR"},
{"type":"APP","freq":129.85,"desc":"RADAR"}
]
}
