{"success":true,"source":"xp2cvs.pl","last_updated":"2013/03/06 18:03:30 UTC"
,"icao":"ETND","name":"Diepholz","lat":52.585724935,"lon":8.34103475,"rwys":1,"ils":1
,"runways":[
{"len_m":1294,"wid_m":45.11,"hdg":84,"surf":"Asphalt","rwy1":"08","lat1":52.58517348,"lon1":008.33152649,"rwy2":"26","lat2":52.58627639,"lon2":008.35054301}
]
,"radios":[
{"type":"TWR","freq":119.82,"desc":"BREMEN INFO"},
{"type":"TWR","freq":122.1,"desc":"TWR"},
{"type":"APP","freq":124.65,"desc":"BREMEN RADAR"}
]
}
