{"success":true,"source":"xp2cvs.pl","last_updated":"2013/03/06 18:03:30 UTC"
,"icao":"ETNG","name":"Geilenkirchen","lat":50.9608335,"lon":6.04175,"rwys":1,"ils":1
,"runways":[
{"len_m":3050,"wid_m":44.81,"hdg":90,"surf":"Concrete","rwy1":"09","lat1":50.96101400,"lon1":006.02004200,"rwy2":"27","lat2":50.96065300,"lon2":006.06345800}
]
,"radios":[
{"type":"TWR","freq":122.1,"desc":"FRISBEE TWR"},
{"type":"APP","freq":128.5,"desc":"LANGEN CON"},
{"type":"APP","freq":123.3,"desc":"FRISBEE RADAR"},
{"type":"APP","freq":123.72,"desc":"FRISBEE RADAR"}
]
}
