{"success":true,"source":"xp2cvs.pl","last_updated":"2013/03/06 18:03:30 UTC"
,"icao":"ETNL","name":"Laage","lat":53.9180835,"lon":12.27925,"rwys":1,"ils":2
,"runways":[
{"len_m":2510,"wid_m":45.11,"hdg":98,"surf":"Concrete","rwy1":"10","lat1":53.91966700,"lon1":012.26033300,"rwy2":"28","lat2":53.91650000,"lon2":012.29816700}
]
,"radios":[
{"type":"TWR","freq":132.65,"desc":"BERLIN INFO"},
{"type":"TWR","freq":122.1,"desc":"TWR"},
{"type":"TWR","freq":118.42,"desc":"TWR"},
{"type":"APP","freq":123.3,"desc":"RADAR"},
{"type":"APP","freq":133.62,"desc":"RADAR"}
]
}
