{"success":true,"source":"xp2cvs.pl","last_updated":"2013/03/06 18:03:30 UTC"
,"icao":"ETNU","name":"Neubrandenburg","lat":53.602164,"lon":13.305997,"rwys":1,"ils":1
,"runways":[
{"len_m":2292,"wid_m":45.11,"hdg":88,"surf":"Concrete","rwy1":"09","lat1":53.60196700,"lon1":013.28868300,"rwy2":"27","lat2":53.60236100,"lon2":013.32331100}
]
,"radios":[
{"type":"TWR","freq":132.65,"desc":"BERLIN INFO"},
{"type":"TWR","freq":122.05,"desc":"INFO"},
{"type":"TWR","freq":119.17,"desc":"TWR"},
{"type":"TWR","freq":122.1,"desc":"TWR"},
{"type":"APP","freq":123.3,"desc":"RADAR"},
{"type":"APP","freq":129,"desc":"RADAR"}
]
}
