{"success":true,"source":"xp2cvs.pl","last_updated":"2013/03/06 18:03:30 UTC"
,"icao":"ETSH","name":"Holzdorf","lat":51.7678335,"lon":13.167667,"rwys":1,"ils":1
,"runways":[
{"len_m":2420,"wid_m":29.87,"hdg":93,"surf":"Asphalt","rwy1":"09","lat1":51.76850000,"lon1":013.15016700,"rwy2":"27","lat2":51.76716700,"lon2":013.18516700}
]
,"radios":[
{"type":"TWR","freq":125.8,"desc":"BERLIN INFO"},
{"type":"TWR","freq":122.1,"desc":"TWR"},
{"type":"TWR","freq":130.5,"desc":"TWR"},
{"type":"APP","freq":123.3,"desc":"RADAR"},
{"type":"APP","freq":129.85,"desc":"RADAR"},
{"type":"APP","freq":126.42,"desc":"BERLIN ARR"}
]
}
