{"success":true,"source":"xp2cvs.pl","last_updated":"2013/03/06 18:03:30 UTC"
,"icao":"ETSI","name":"Ingolstadt Manching","lat":48.71509475,"lon":11.53405925,"rwys":2,"ils":1
,"runways":[
{"len_m":2945,"wid_m":60.05,"hdg":68,"surf":"Asphalt","rwy1":"07R","lat1":48.70450000,"lon1":011.51866700,"rwy2":"25L","lat2":48.71433300,"lon2":011.55583300},
{"len_m":2439,"wid_m":29.87,"hdg":68,"surf":"Concrete","rwy1":"07L","lat1":48.71666700,"lon1":011.51550000,"rwy2":"25R","lat2":48.72487900,"lon2":011.54623700}
]
,"radios":[
{"type":"TWR","freq":120.65,"desc":"MUNCHEN INFO"},
{"type":"TWR","freq":125.25,"desc":"TWR"},
{"type":"TWR","freq":122.1,"desc":"TWR"},
{"type":"APP","freq":136.52,"desc":"MUNCHEN RADAR"},
{"type":"APP","freq":120.6,"desc":"RADAR"},
{"type":"APP","freq":125.57,"desc":"RADAR"},
{"type":"APP","freq":122.1,"desc":"RADAR"},
{"type":"APP","freq":123.3,"desc":"RADAR"}
]
}
