{"success":true,"source":"xp2cvs.pl","last_updated":"2013/03/06 18:03:30 UTC"
,"icao":"EYSA","name":"Siauliai Intl","lat":55.89289675,"lon":23.39381725,"rwys":2,"ils":2
,"runways":[
{"len_m":3499,"wid_m":45.11,"hdg":146,"surf":"Concrete","rwy1":"14L","lat1":55.90690300,"lon1":023.37939700,"rwy2":"32R","lat2":55.88081700,"lon2":023.41059700},
{"len_m":3281,"wid_m":32.00,"hdg":146,"surf":"Concrete","rwy1":"14R","lat1":55.90416400,"lon1":023.37801100,"rwy2":"32L","lat2":55.87970300,"lon2":023.40726400}
]
,"radios":[
{"type":"TWR","freq":120.4,"desc":"TWR"}
]
}
