{"success":true,"source":"xp2cvs.pl","last_updated":"2013/03/06 18:03:30 UTC"
,"icao":"F45","name":"North Palm Beach Co Gen Avn","lat":26.846323,"lon":-80.220735,"rwys":3,"ils":1
,"runways":[
{"len_m":1310,"wid_m":30.48,"hdg":85,"surf":"Asphalt","rwy1":"08R","lat1":26.84252500,"lon1":-080.22686100,"rwy2":"26L","lat2":26.84348300,"lon2":-080.21371900},
{"len_m":1310,"wid_m":22.86,"hdg":135,"surf":"Asphalt","rwy1":"13","lat1":26.84992200,"lon1":-080.22700300,"rwy2":"31","lat2":26.84150800,"lon2":-080.21773600},
{"len_m":1127,"wid_m":22.86,"hdg":82,"surf":"Turf/grass","rwy1":"08L","lat1":26.84954200,"lon1":-080.22516400,"rwy2":"26R","lat2":26.85095800,"lon2":-080.21392700}
]
,"radios":[
{"type":"CTAF","freq":123.07,"desc":"CTAF/UNICOM"},
{"type":"CLD","freq":120.82,"desc":"PALM BEACH CLNC DEL"},
{"type":"APP","freq":124.6,"desc":"PALM BEACH APP/DEP"}
]
}
