{"success":true,"source":"xp2cvs.pl","last_updated":"2013/03/06 18:03:30 UTC"
,"icao":"FACT","name":"Cape Town International","lat":-33.970501,"lon":18.6044045,"rwys":2,"ils":2
,"runways":[
{"len_m":3200,"wid_m":60.96,"hdg":345,"surf":"Asphalt","rwy1":"01","lat1":-33.98801792,"lon1":018.60902345,"rwy2":"19","lat2":-33.96011808,"lon2":018.60017855},
{"len_m":1701,"wid_m":46.02,"hdg":135,"surf":"Asphalt","rwy1":"16","lat1":-33.96148864,"lon1":018.59772199,"rwy2":"34","lat2":-33.97237936,"lon2":018.61069401}
]
,"radios":[
{"type":"ATIS","freq":127,"desc":"ATIS"},
{"type":"GND","freq":121.9,"desc":"GND"},
{"type":"TWR","freq":118.1,"desc":"TWR"},
{"type":"APP","freq":119.7,"desc":"ARSA RDR"}
]
}
