{"success":true,"source":"xp2cvs.pl","last_updated":"2013/03/06 18:03:30 UTC"
,"icao":"FADN","name":"Durban Intl","lat":-29.970087,"lon":30.95052,"rwys":1,"ils":2
,"runways":[
{"len_m":2438,"wid_m":60.05,"hdg":36,"surf":"Asphalt","rwy1":"06","lat1":-29.97893287,"lon1":030.94301634,"rwy2":"24","lat2":-29.96124113,"lon2":030.95802366}
]
,"radios":[
{"type":"ATIS","freq":127,"desc":"ATIS"},
{"type":"TWR","freq":118.7,"desc":"TWR"},
{"type":"APP","freq":119.9,"desc":"APP"},
{"type":"APP","freq":119.1,"desc":"APP"}
]
}
