{"success":true,"source":"xp2cvs.pl","last_updated":"2013/03/06 18:03:30 UTC"
,"icao":"FAJS","name":"Johannesburg Or Thambo Intl","lat":-26.1385425,"lon":28.246527,"rwys":2,"ils":3
,"runways":[
{"len_m":4406,"wid_m":60.96,"hdg":15,"surf":"Asphalt","rwy1":"03L","lat1":-26.14631923,"lon1":028.23434267,"rwy2":"21R","lat2":-26.10801877,"lon2":028.24622933},
{"len_m":3391,"wid_m":60.96,"hdg":15,"surf":"Asphalt","rwy1":"03R","lat1":-26.16465140,"lon1":028.24818467,"rwy2":"21L","lat2":-26.13518060,"lon2":028.25735133}
]
,"radios":[
{"type":"ATIS","freq":126.2,"desc":"ATIS"},
{"type":"CLD","freq":121.9,"desc":"CLNC DEL"},
{"type":"GND","freq":121.9,"desc":"GND"},
{"type":"TWR","freq":121.9,"desc":"TWR"},
{"type":"APP","freq":124.5,"desc":"APP"}
]
}
