{"success":true,"source":"xp2cvs.pl","last_updated":"2013/03/06 18:03:30 UTC"
,"icao":"FALA","name":"Lanseria","lat":-25.9400465,"lon":27.925358,"rwys":2,"ils":1
,"runways":[
{"len_m":3043,"wid_m":29.87,"hdg":47,"surf":"Asphalt","rwy1":"06L","lat1":-25.94781892,"lon1":027.91495575,"rwy2":"24R","lat2":-25.92921508,"lon2":027.93731225},
{"len_m":2114,"wid_m":22.86,"hdg":47,"surf":"Asphalt","rwy1":"06R","lat1":-25.94803872,"lon1":027.91681546,"rwy2":"24L","lat2":-25.93511328,"lon2":027.93234854}
]
,"radios":[
{"type":"GND","freq":121.65,"desc":"GND"},
{"type":"TWR","freq":124,"desc":"TWR"},
{"type":"APP","freq":123.7,"desc":"JOHANNESBURG APP"},
{"type":"APP","freq":124.5,"desc":"JOHANNESBURG APP"}
]
}
