{"success":true,"source":"xp2cvs.pl","last_updated":"2013/03/06 18:03:30 UTC"
,"icao":"FALW","name":"Langebaanweg","lat":-32.9672995,"lon":18.16195875,"rwys":4,"ils":1
,"runways":[
{"len_m":2338,"wid_m":45.72,"hdg":1,"surf":"Asphalt","rwy1":"02R","lat1":-32.97825082,"lon1":018.16618838,"rwy2":"20L","lat2":-32.95716718,"lon2":018.16670162},
{"len_m":2336,"wid_m":45.72,"hdg":1,"surf":"Asphalt","rwy1":"02L","lat1":-32.97902881,"lon1":018.16201845,"rwy2":"20R","lat2":-32.95796719,"lon2":018.16253555},
{"len_m":1991,"wid_m":45.72,"hdg":136,"surf":"Asphalt","rwy1":"16","lat1":-32.96452522,"lon1":018.15397304,"rwy2":"34","lat2":-32.97750678,"lon2":018.16869296},
{"len_m":1504,"wid_m":45.72,"hdg":47,"surf":"Asphalt","rwy1":"07","lat1":-32.96659004,"lon1":018.15188151,"rwy2":"25","lat2":-32.95735996,"lon2":018.16367849}
]
,"radios":[
{"type":"GND","freq":121.75,"desc":"GND"},
{"type":"TWR","freq":128.8,"desc":"TWR"},
{"type":"TWR","freq":120.8,"desc":"TWR"},
{"type":"APP","freq":122.5,"desc":"APP"}
]
}
