{"success":true,"source":"xp2cvs.pl","last_updated":"2013/03/06 18:03:30 UTC"
,"icao":"FAPE","name":"Port Elizabeth","lat":-33.9889413333333,"lon":25.6143353333333,"rwys":3,"ils":2
,"runways":[
{"len_m":1983,"wid_m":46.02,"hdg":58,"surf":"Asphalt","rwy1":"08","lat1":-33.99296032,"lon1":025.60104986,"rwy2":"26","lat2":-33.98354968,"lon2":025.61929814},
{"len_m":1676,"wid_m":46.02,"hdg":145,"surf":"Asphalt","rwy1":"17","lat1":-33.98401631,"lon1":025.61592135,"rwy2":"35","lat2":-33.99648369,"lon2":025.62617865},
{"len_m":1190,"wid_m":18.29,"hdg":81,"surf":"Turf/grass","rwy1":"10","lat1":-33.98913511,"lon1":025.60541663,"rwy2":"28","lat2":-33.98750289,"lon2":025.61814737}
]
,"radios":[
{"type":"ATIS","freq":126.8,"desc":"ATIS"},
{"type":"TWR","freq":118.1,"desc":"TWR"},
{"type":"APP","freq":120.4,"desc":"APP"}
]
}
