{"success":true,"source":"xp2cvs.pl","last_updated":"2013/03/06 18:03:30 UTC"
,"icao":"FAWK","name":"Waterkloof Afb","lat":-25.8281545,"lon":28.223936,"rwys":2,"ils":1
,"runways":[
{"len_m":3343,"wid_m":45.11,"hdg":351,"surf":"Asphalt","rwy1":"01","lat1":-25.84384257,"lon1":028.22479465,"rwy2":"19","lat2":-25.81396343,"lon2":028.22012935},
{"len_m":1919,"wid_m":45.11,"hdg":45,"surf":"Asphalt","rwy1":"06","lat1":-25.83351374,"lon1":028.21862446,"rwy2":"24","lat2":-25.82129826,"lon2":028.23219554}
]
,"radios":[
{"type":"GND","freq":121.85,"desc":"GND"},
{"type":"TWR","freq":124.1,"desc":"TWR"},
{"type":"APP","freq":124.5,"desc":"APP"},
{"type":"APP","freq":134.4,"desc":"APP"},
{"type":"APP","freq":127.5,"desc":"GCA"},
{"type":"APP","freq":123.9,"desc":"GCA"}
]
}
