{"success":true,"source":"xp2cvs.pl","last_updated":"2013/03/06 18:03:30 UTC"
,"icao":"FIMP","name":"Sir Seewoosagur Ramgoolam Intl","lat":-20.4302345,"lon":57.6836015,"rwys":1,"ils":1
,"runways":[
{"len_m":3364,"wid_m":45.11,"hdg":117,"surf":"Asphalt","rwy1":"14","lat1":-20.42331800,"lon1":057.66925000,"rwy2":"32","lat2":-20.43715100,"lon2":057.69795300}
]
,"radios":[
{"type":"ATIS","freq":126.2,"desc":"ATIS"},
{"type":"TWR","freq":129.3,"desc":"INFO"},
{"type":"TWR","freq":118.1,"desc":"TWR"},
{"type":"APP","freq":119.1,"desc":"APP"}
]
}
