{"success":true,"source":"xp2cvs.pl","last_updated":"2013/03/06 18:03:30 UTC"
,"icao":"FKKD","name":"Douala","lat":4.01420775,"lon":9.71653775,"rwys":2,"ils":1
,"runways":[
{"len_m":2852,"wid_m":45.11,"hdg":116,"surf":"Asphalt","rwy1":"12","lat1":04.01186700,"lon1":009.70804400,"rwy2":"30","lat2":04.00024200,"lon2":009.73097500},
{"len_m":2491,"wid_m":44.81,"hdg":27,"surf":"Asphalt","rwy1":"03","lat1":04.01233810,"lon1":009.70844647,"rwy2":"21","lat2":04.03238390,"lon2":009.71868553}
]
,"radios":[
{"type":"TWR","freq":119.7,"desc":"DOUALA TWR"}
]
}
