{"success":true,"source":"xp2cvs.pl","last_updated":"2013/03/06 18:03:30 UTC"
,"icao":"FMEE","name":"St Denis Gillot","lat":-20.8901003925,"lon":55.5173792375,"rwys":2,"ils":1
,"runways":[
{"len_m":3228,"wid_m":45.11,"hdg":102,"surf":"Asphalt","rwy1":"12","lat1":-20.88595600,"lon1":055.50461900,"rwy2":"30","lat2":-20.89211178,"lon2":055.53494649},
{"len_m":2695,"wid_m":45.11,"hdg":116,"surf":"Asphalt","rwy1":"14","lat1":-20.88417785,"lon1":055.50412148,"rwy2":"32","lat2":-20.89500635,"lon2":055.52732219}
]
,"helipads":[
{"rwy1":"H1","len_m":20,"wid_m":18.90,"hdg":55,"surf":"Asphalt","lat1":055.50673296,"lon1":055.50412148},
{"rwy1":"H2","len_m":20,"wid_m":20.12,"hdg":55,"surf":"Asphalt","lat1":055.52727941,"lon1":055.50412148}
]
,"radios":[
{"type":"ATIS","freq":126.8,"desc":"ATIS"},
{"type":"GND","freq":121.9,"desc":"GILLOT GND"},
{"type":"TWR","freq":118.4,"desc":"GILLOT TWR"},
{"type":"APP","freq":119.4,"desc":"GILLOT APP"},
{"type":"APP","freq":123.1,"desc":"GILLOT APP"},
{"type":"APP","freq":127.2,"desc":"GILLOT APP"}
]
}
