{"success":true,"source":"xp2cvs.pl","last_updated":"2013/03/06 18:03:30 UTC"
,"icao":"FNLU","name":"Luanda 4 De Fevereiro","lat":-8.8583765,"lon":13.23117775,"rwys":2,"ils":1
,"runways":[
{"len_m":3696,"wid_m":45.11,"hdg":46,"surf":"Asphalt","rwy1":"05","lat1":-08.87688100,"lon1":013.21393600,"rwy2":"23","lat2":-08.85400800,"lon2":013.23843600},
{"len_m":2491,"wid_m":60.05,"hdg":67,"surf":"Asphalt","rwy1":"07","lat1":-08.85561400,"lon1":013.22570300,"rwy2":"25","lat2":-08.84700300,"lon2":013.24663600}
]
,"radios":[
{"type":"GND","freq":121.9,"desc":"GND"},
{"type":"TWR","freq":118.1,"desc":"TWR"},
{"type":"TWR","freq":129.5,"desc":"A/G VOICE RDO"},
{"type":"APP","freq":119.1,"desc":"APP"}
]
}
