{"success":true,"source":"xp2cvs.pl","last_updated":"2013/03/06 18:03:30 UTC"
,"icao":"FQBR","name":"Beira","lat":-19.7973105,"lon":34.908847,"rwys":3,"ils":1
,"runways":[
{"len_m":2395,"wid_m":45.11,"hdg":104,"surf":"Asphalt","rwy1":"12","lat1":-19.79364400,"lon1":034.89650800,"rwy2":"30","lat2":-19.79919200,"lon2":034.91860300},
{"len_m":1740,"wid_m":45.11,"hdg":159,"surf":"Asphalt","rwy1":"17","lat1":-19.79158300,"lon1":034.90658300,"rwy2":"35","lat2":-19.80633300,"lon2":034.91233300},
{"len_m":918,"wid_m":45.11,"hdg":44,"surf":"Asphalt","rwy1":"06","lat1":-19.79952800,"lon1":034.90647200,"rwy2":"24","lat2":-19.79358300,"lon2":034.91258300}
]
,"radios":[
{"type":"GND","freq":121.9,"desc":"GND"},
{"type":"TWR","freq":127.9,"desc":"TETE INFO"},
{"type":"TWR","freq":125.9,"desc":"TETE INFO"},
{"type":"TWR","freq":118.1,"desc":"TWR"},
{"type":"APP","freq":119.9,"desc":"APP"}
]
}
