{"success":true,"source":"xp2cvs.pl","last_updated":"2013/03/06 18:03:30 UTC"
,"icao":"FQMA","name":"Maputo","lat":-25.91552925,"lon":32.57690075,"rwys":2,"ils":1
,"runways":[
{"len_m":3666,"wid_m":45.11,"hdg":28,"surf":"Asphalt","rwy1":"05","lat1":-25.92485000,"lon1":032.57015000,"rwy2":"23","lat2":-25.89586700,"lon2":032.58782500},
{"len_m":1697,"wid_m":45.11,"hdg":86,"surf":"Asphalt","rwy1":"10","lat1":-25.92119400,"lon1":032.56636100,"rwy2":"28","lat2":-25.92020600,"lon2":032.58326700}
]
,"radios":[
{"type":"GND","freq":121.9,"desc":"GND"},
{"type":"GND","freq":121.7,"desc":"GND"},
{"type":"TWR","freq":118.1,"desc":"TWR"},
{"type":"TWR","freq":127.3,"desc":"AFIS"},
{"type":"APP","freq":121.3,"desc":"APP"}
]
}
