{"success":true,"source":"xp2cvs.pl","last_updated":"2013/03/06 18:03:30 UTC"
,"icao":"FYWH","name":"Windhoek Hosea Kutako Intl","lat":-22.4818105,"lon":17.47156925,"rwys":2,"ils":1
,"runways":[
{"len_m":4573,"wid_m":45.11,"hdg":63,"surf":"Asphalt","rwy1":"08","lat1":-22.48975600,"lon1":017.44953900,"rwy2":"26","lat2":-22.47141100,"lon2":017.48935800},
{"len_m":1523,"wid_m":29.87,"hdg":141,"surf":"Asphalt","rwy1":"16","lat1":-22.47767800,"lon1":017.46904700,"rwy2":"34","lat2":-22.48839700,"lon2":017.47833300}
]
,"radios":[
{"type":"TWR","freq":118.1,"desc":"WINDHOEK TWR"},
{"type":"APP","freq":120.5,"desc":"WINDHOEK APP"}
]
}
