{"success":true,"source":"xp2cvs.pl","last_updated":"2013/03/06 18:03:30 UTC"
,"icao":"FZAA","name":"Ndjili Intl","lat":-4.38575,"lon":15.4445695,"rwys":1,"ils":1
,"runways":[
{"len_m":4698,"wid_m":60.05,"hdg":57,"surf":"Concrete","rwy1":"06","lat1":-04.39716700,"lon1":015.42672200,"rwy2":"24","lat2":-04.37433300,"lon2":015.46241700}
]
,"radios":[
{"type":"GND","freq":121.9,"desc":"GND"},
{"type":"TWR","freq":118.1,"desc":"TWR"},
{"type":"TWR","freq":128.1,"desc":"A/G"},
{"type":"TWR","freq":118.1,"desc":"A/G"},
{"type":"APP","freq":119.7,"desc":"APP"},
{"type":"APP","freq":120.5,"desc":"APP"}
]
}
