{"success":true,"source":"xp2cvs.pl","last_updated":"2013/03/06 18:03:30 UTC"
,"icao":"GCFV","name":"Fuerteventura","lat":28.447882,"lon":-13.86489225,"rwys":2,"ils":1
,"runways":[
{"len_m":2400,"wid_m":45.11,"hdg":1,"surf":"Asphalt","rwy1":"01R","lat1":28.44188900,"lon1":-013.86411900,"rwy2":"19L","lat2":28.46354200,"lon2":-013.86340600},
{"len_m":1649,"wid_m":45.11,"hdg":1,"surf":"Asphalt","rwy1":"01L","lat1":28.43560800,"lon1":-013.86626900,"rwy2":"19R","lat2":28.45048900,"lon2":-013.86577500}
]
,"radios":[
{"type":"TWR","freq":118.5,"desc":"GCFV TWR"},
{"type":"TWR","freq":119.2,"desc":"GCFV TWR"},
{"type":"APP","freq":129.3,"desc":"GCFV APP"}
]
}
