{"success":true,"source":"xp2cvs.pl","last_updated":"2013/03/06 18:03:30 UTC"
,"icao":"GCLP","name":"Gran Canaria","lat":27.931544,"lon":-15.38559225,"rwys":2,"ils":2
,"runways":[
{"len_m":3100,"wid_m":45.11,"hdg":21,"surf":"Asphalt","rwy1":"03L","lat1":27.91886600,"lon1":-015.39234200,"rwy2":"21R","lat2":27.94491000,"lon2":-015.38083000},
{"len_m":3099,"wid_m":45.11,"hdg":21,"surf":"Asphalt","rwy1":"03R","lat1":27.91818100,"lon1":-015.39035100,"rwy2":"21L","lat2":27.94421900,"lon2":-015.37884600}
]
,"radios":[
{"type":"TWR","freq":118.3,"desc":"GCLP TWR"},
{"type":"APP","freq":124.3,"desc":"GCLP APP"},
{"type":"APP","freq":123.65,"desc":"GCLP APP"},
{"type":"APP","freq":121.3,"desc":"GCLP APP"}
]
}
