{"success":true,"source":"xp2cvs.pl","last_updated":"2013/03/06 18:03:30 UTC"
,"icao":"GCRR","name":"Lanzarote","lat":28.945466,"lon":-13.6052235,"rwys":1,"ils":1
,"runways":[
{"len_m":2400,"wid_m":45.11,"hdg":27,"surf":"Asphalt","rwy1":"03","lat1":28.93582100,"lon1":-013.61081600,"rwy2":"21","lat2":28.95511100,"lon2":-013.59963100}
]
,"radios":[
{"type":"ATIS","freq":118.62,"desc":"ATIS"},
{"type":"GND","freq":121.8,"desc":"GND"},
{"type":"TWR","freq":124,"desc":"TWR"},
{"type":"TWR","freq":120.7,"desc":"TWR"},
{"type":"APP","freq":129.3,"desc":"CANARIAS APP"}
]
}
