{"success":true,"source":"xp2cvs.pl","last_updated":"2013/03/06 18:03:30 UTC"
,"icao":"GCTS","name":"Tenerife Sur","lat":28.047541705,"lon":-16.56750855,"rwys":1,"ils":2
,"runways":[
{"len_m":3199,"wid_m":45.11,"hdg":68,"surf":"Asphalt","rwy1":"08","lat1":28.03920303,"lon1":-016.58763669,"rwy2":"26","lat2":28.04974697,"lon2":-016.55733931}
]
,"helipads":[
{"rwy1":"H1","len_m":27,"wid_m":25.91,"hdg":-16,"surf":"Concrete","lat1":-016.56252910,"lon1":-016.58763669}
]
,"radios":[
{"type":"ATIS","freq":118.67,"desc":"ATIS"},
{"type":"GND","freq":121.9,"desc":"GND"},
{"type":"TWR","freq":119,"desc":"TWR"},
{"type":"APP","freq":120.3,"desc":"APP"},
{"type":"APP","freq":127.7,"desc":"APP"}
]
}
