{"success":true,"source":"xp2cvs.pl","last_updated":"2013/03/06 18:03:30 UTC"
,"icao":"GCXO","name":"Tenerife Norte - Los Rodeos","lat":28.4835824042857,"lon":-16.3506714960714,"rwys":1,"ils":2
,"runways":[
{"len_m":3406,"wid_m":45.11,"hdg":110,"surf":"Asphalt","rwy1":"12","lat1":28.48805922,"lon1":-016.35782449,"rwy2":"30","lat2":28.47725278,"lon2":-016.32525684}
]
,"helipads":[
{"rwy1":"H29","len_m":17,"wid_m":15.85,"hdg":-16,"surf":"Concrete","lat1":-016.35225337,"lon1":-016.35782449},
{"rwy1":"H30","len_m":17,"wid_m":17.07,"hdg":-16,"surf":"Concrete","lat1":-016.35192554,"lon1":-016.35782449},
{"rwy1":"H31","len_m":17,"wid_m":17.98,"hdg":-16,"surf":"Concrete","lat1":-016.35160094,"lon1":-016.35782449},
{"rwy1":"H33","len_m":17,"wid_m":17.07,"hdg":-16,"surf":"Concrete","lat1":-016.35094490,"lon1":-016.35782449},
{"rwy1":"H34","len_m":17,"wid_m":17.07,"hdg":-16,"surf":"Concrete","lat1":-016.35062168,"lon1":-016.35782449},
{"rwy1":"H35","len_m":17,"wid_m":17.07,"hdg":-16,"surf":"Concrete","lat1":-016.35029783,"lon1":-016.35782449},
{"rwy1":"H36","len_m":17,"wid_m":15.85,"hdg":-16,"surf":"Concrete","lat1":-016.35048308,"lon1":-016.35782449},
{"rwy1":"H37","len_m":17,"wid_m":17.07,"hdg":-16,"surf":"Concrete","lat1":-016.35080814,"lon1":-016.35782449},
{"rwy1":"H38","len_m":17,"wid_m":17.07,"hdg":-16,"surf":"Concrete","lat1":-016.35113277,"lon1":-016.35782449},
{"rwy1":"H39","len_m":17,"wid_m":17.07,"hdg":-16,"surf":"Concrete","lat1":-016.35146065,"lon1":-016.35782449},
{"rwy1":"H40","len_m":17,"wid_m":17.07,"hdg":-16,"surf":"Concrete","lat1":-016.35178366,"lon1":-016.35782449},
{"rwy1":"H41","len_m":17,"wid_m":17.07,"hdg":-16,"surf":"Concrete","lat1":-016.35210992,"lon1":-016.35782449},
{"rwy1":"H42","len_m":17,"wid_m":17.07,"hdg":-16,"surf":"Concrete","lat1":-016.35243780,"lon1":-016.35782449}
]
,"radios":[
{"type":"GND","freq":121.7,"desc":"GND"},
{"type":"TWR","freq":118.7,"desc":"TWR"},
{"type":"APP","freq":124.8,"desc":"APP"}
]
}
