{"success":true,"source":"xp2cvs.pl","last_updated":"2013/03/06 18:03:30 UTC"
,"icao":"GMMN","name":"Casablanca Mohammed V Intl","lat":33.36746575,"lon":-7.589964,"rwys":2,"ils":2
,"runways":[
{"len_m":3716,"wid_m":45.11,"hdg":163,"surf":"Asphalt","rwy1":"17L","lat1":33.38404400,"lon1":-007.59351700,"rwy2":"35R","lat2":33.35183600,"lon2":-007.58248600},
{"len_m":3708,"wid_m":45.11,"hdg":163,"surf":"Asphalt","rwy1":"17R","lat1":33.38305800,"lon1":-007.59743100,"rwy2":"35L","lat2":33.35092500,"lon2":-007.58642200}
]
,"radios":[
{"type":"ATIS","freq":126.3,"desc":"ATIS"},
{"type":"TWR","freq":119.9,"desc":"TWR"},
{"type":"TWR","freq":118.5,"desc":"TWR"},
{"type":"APP","freq":121.3,"desc":"APP"}
]
}
