{"success":true,"source":"xp2cvs.pl","last_updated":"2013/03/06 18:03:30 UTC"
,"icao":"GMTT","name":"Ibn Batouta","lat":35.72691125,"lon":-5.91689975,"rwys":2,"ils":1
,"runways":[
{"len_m":3501,"wid_m":45.11,"hdg":95,"surf":"Asphalt","rwy1":"10","lat1":35.73327500,"lon1":-005.94031100,"rwy2":"28","lat2":35.72997800,"lon2":-005.90181900},
{"len_m":2000,"wid_m":29.87,"hdg":69,"surf":"Asphalt","rwy1":"07","lat1":35.71911100,"lon1":-005.92312500,"rwy2":"25","lat2":35.72528100,"lon2":-005.90234400}
]
,"radios":[
{"type":"TWR","freq":119.5,"desc":"TANGER TWR"},
{"type":"APP","freq":121.2,"desc":"TANGER APP"}
]
}
