{"success":true,"source":"xp2cvs.pl","last_updated":"2013/03/06 18:03:30 UTC"
,"icao":"GVAC","name":"Sal Amilcar Cabral Intl","lat":16.73820825,"lon":-22.9505,"rwys":2,"ils":1
,"runways":[
{"len_m":3283,"wid_m":45.11,"hdg":359,"surf":"Asphalt","rwy1":"01","lat1":16.72133300,"lon1":-022.94883300,"rwy2":"19","lat2":16.75100000,"lon2":-022.94900000},
{"len_m":1490,"wid_m":45.11,"hdg":57,"surf":"Asphalt","rwy1":"07","lat1":16.73666700,"lon1":-022.95800000,"rwy2":"25","lat2":16.74383300,"lon2":-022.94616700}
]
,"radios":[
{"type":"TWR","freq":119.7,"desc":"TWR"},
{"type":"APP","freq":119.7,"desc":"SAL APP"}
]
}
