{"success":true,"source":"xp2cvs.pl","last_updated":"2013/03/06 18:03:30 UTC"
,"icao":"HAAB","name":"Bole Intl","lat":8.97789175,"lon":38.799321,"rwys":2,"ils":1
,"runways":[
{"len_m":3799,"wid_m":45.11,"hdg":73,"surf":"Asphalt","rwy1":"07R","lat1":08.97225600,"lon1":038.78350600,"rwy2":"25L","lat2":08.98193600,"lon2":038.81665600},
{"len_m":3700,"wid_m":45.11,"hdg":73,"surf":"Asphalt","rwy1":"07L","lat1":08.97398100,"lon1":038.78241400,"rwy2":"25R","lat2":08.98339400,"lon2":038.81470800}
]
,"radios":[
{"type":"GND","freq":121.9,"desc":"GND"},
{"type":"TWR","freq":118.1,"desc":"TWR"},
{"type":"APP","freq":119.7,"desc":"APP"}
]
}
