{"success":true,"source":"xp2cvs.pl","last_updated":"2013/03/06 18:03:30 UTC"
,"icao":"HECA","name":"Cairo Intl","lat":30.121808,"lon":31.4060951666667,"rwys":3,"ils":4
,"runways":[
{"len_m":3999,"wid_m":60.05,"hdg":49,"surf":"Asphalt","rwy1":"05R","lat1":30.09968900,"lon1":031.39823300,"rwy2":"23L","lat2":30.12326900,"lon2":031.42963600},
{"len_m":3300,"wid_m":60.05,"hdg":49,"surf":"Asphalt","rwy1":"05L","lat1":30.11973100,"lon1":031.38024400,"rwy2":"23R","lat2":30.13909200,"lon2":031.40626400},
{"len_m":3177,"wid_m":60.05,"hdg":162,"surf":"Asphalt","rwy1":"16","lat1":30.13820600,"lon1":031.40614700,"rwy2":"34","lat2":30.11086100,"lon2":031.41604700}
]
,"radios":[
{"type":"ATIS","freq":122.6,"desc":"ATIS"},
{"type":"GND","freq":121.9,"desc":"GND"},
{"type":"TWR","freq":119.55,"desc":"TWR"},
{"type":"APP","freq":120.7,"desc":"APP"}
]
}
