{"success":true,"source":"xp2cvs.pl","last_updated":"2013/03/06 18:03:30 UTC"
,"icao":"HEGN","name":"Hurghada Intl","lat":27.1783085,"lon":33.799397,"rwys":1,"ils":1
,"runways":[
{"len_m":4000,"wid_m":45.11,"hdg":165,"surf":"Asphalt","rwy1":"16","lat1":27.19576100,"lon1":033.79424700,"rwy2":"34","lat2":27.16085600,"lon2":033.80454700}
]
,"radios":[
{"type":"GND","freq":121.9,"desc":"GND"},
{"type":"TWR","freq":119.6,"desc":"TWR"},
{"type":"APP","freq":123.4,"desc":"RADAR"},
{"type":"APP","freq":119.1,"desc":"RADAR"}
]
}
