{"success":true,"source":"xp2cvs.pl","last_updated":"2013/03/06 18:03:30 UTC"
,"icao":"HELX","name":"Luxor Intl","lat":25.671086,"lon":32.706403,"rwys":1,"ils":1
,"runways":[
{"len_m":3000,"wid_m":45.11,"hdg":22,"surf":"Asphalt","rwy1":"02","lat1":25.65858300,"lon1":032.70066700,"rwy2":"20","lat2":25.68358900,"lon2":032.71213900}
]
,"radios":[
{"type":"GND","freq":121.9,"desc":"GND"},
{"type":"TWR","freq":118.1,"desc":"TWR"},
{"type":"TWR","freq":119.9,"desc":"TWR"},
{"type":"APP","freq":124.3,"desc":"RADAR"},
{"type":"APP","freq":118.1,"desc":"RADAR"}
]
}
