{"success":true,"source":"xp2cvs.pl","last_updated":"2013/03/06 18:03:30 UTC"
,"icao":"HESH","name":"Sharm El Sheikh Intl","lat":27.977318,"lon":34.39494525,"rwys":2,"ils":1
,"runways":[
{"len_m":3080,"wid_m":45.11,"hdg":42,"surf":"Asphalt","rwy1":"04L","lat1":27.96850000,"lon1":034.38262800,"rwy2":"22R","lat2":27.98889700,"lon2":034.40390600},
{"len_m":3081,"wid_m":45.11,"hdg":42,"surf":"Asphalt","rwy1":"04R","lat1":27.96573900,"lon1":034.38598300,"rwy2":"22L","lat2":27.98613600,"lon2":034.40726400}
]
,"radios":[
{"type":"GND","freq":121.9,"desc":"GND"},
{"type":"TWR","freq":118.9,"desc":"TWR"},
{"type":"APP","freq":121.1,"desc":"RADAR"},
{"type":"APP","freq":122.6,"desc":"RADAR"}
]
}
