{"success":true,"source":"xp2cvs.pl","last_updated":"2013/03/06 18:03:30 UTC"
,"icao":"HETB","name":"Taba Intl","lat":29.588393,"lon":34.7775615,"rwys":2,"ils":1
,"runways":[
{"len_m":3999,"wid_m":45.11,"hdg":41,"surf":"Asphalt","rwy1":"04L","lat1":29.57542800,"lon1":034.76316100,"rwy2":"22R","lat2":29.60231100,"lon2":034.79069700},
{"len_m":4002,"wid_m":45.11,"hdg":41,"surf":"Asphalt","rwy1":"04R","lat1":29.57444400,"lon1":034.76444400,"rwy2":"22L","lat2":29.60138900,"lon2":034.79194400}
]
,"radios":[
{"type":"GND","freq":121.9,"desc":"GND"},
{"type":"TWR","freq":120.8,"desc":"TWR"},
{"type":"TWR","freq":120.3,"desc":"TWR"},
{"type":"APP","freq":122.8,"desc":"RADAR"}
]
}
