{"success":true,"source":"xp2cvs.pl","last_updated":"2013/03/06 18:03:30 UTC"
,"icao":"HHAS","name":"Asmara_intl","lat":15.293046,"lon":38.9155278,"rwys":2,"ils":1
,"runways":[
{"len_m":2999,"wid_m":45.11,"hdg":74,"surf":"Asphalt","rwy1":"07","lat1":15.28359500,"lon1":038.89403400,"rwy2":"25","lat2":15.29093300,"lon2":038.92092200},
{"len_m":1949,"wid_m":45.11,"hdg":119,"surf":"Asphalt","rwy1":"12","lat1":15.29993100,"lon1":038.90514800,"rwy2":"30","lat2":15.29131300,"lon2":038.92097600}
]
,"helipads":[
{"rwy1":"H1","len_m":24,"wid_m":24.08,"hdg":38,"surf":"Asphalt","lat1":038.91919400,"lon1":038.90514800},
{"rwy1":"H2","len_m":24,"wid_m":24.08,"hdg":38,"surf":"Asphalt","lat1":038.91903300,"lon1":038.90514800},
{"rwy1":"H3","len_m":24,"wid_m":24.08,"hdg":38,"surf":"Asphalt","lat1":038.91887200,"lon1":038.90514800}
]
,"radios":[
{"type":"TWR","freq":118.1,"desc":"ASMARA TWR"},
{"type":"TWR","freq":121.9,"desc":"ASMARA TWR"},
{"type":"APP","freq":120.7,"desc":"ASMARA APP"},
{"type":"APP","freq":129.5,"desc":"ASMARA APP"}
]
}
