{"success":true,"source":"xp2cvs.pl","last_updated":"2013/03/06 18:03:30 UTC"
,"icao":"HKJK","name":"Nairobi Jomo Kanyatta Intl","lat":-1.31761912,"lon":36.92941014,"rwys":1,"ils":1
,"runways":[
{"len_m":4021,"wid_m":45.11,"hdg":54,"surf":"Asphalt","rwy1":"06","lat1":-01.32774140,"lon1":036.91612339,"rwy2":"24","lat2":-01.30640484,"lon2":036.94539085}
]
,"helipads":[
{"rwy1":"H1","len_m":11,"wid_m":11.89,"hdg":36,"surf":"Concrete","lat1":036.92806316,"lon1":036.91612339}
]
,"radios":[
{"type":"ATIS","freq":126.2,"desc":"ATIS"},
{"type":"TWR","freq":118.7,"desc":"TWR"},
{"type":"APP","freq":119.7,"desc":"APP"},
{"type":"APP","freq":122.3,"desc":"APP"}
]
}
