{"success":true,"source":"xp2cvs.pl","last_updated":"2013/03/06 18:03:30 UTC"
,"icao":"HKMO","name":"Mombasa Moi Intl","lat":-4.0307445,"lon":39.596732,"rwys":2,"ils":1
,"runways":[
{"len_m":3350,"wid_m":46.02,"hdg":29,"surf":"Asphalt","rwy1":"03","lat1":-04.03951900,"lon1":039.59167200,"rwy2":"21","lat2":-04.01309200,"lon2":039.60643900},
{"len_m":1363,"wid_m":35.97,"hdg":150,"surf":"Asphalt","rwy1":"15","lat1":-04.02982800,"lon1":039.59136700,"rwy2":"33","lat2":-04.04053900,"lon2":039.59745000}
]
,"radios":[
{"type":"GND","freq":121.6,"desc":"APRON CTL"},
{"type":"TWR","freq":118.6,"desc":"TWR"},
{"type":"APP","freq":121.7,"desc":"RDR"},
{"type":"APP","freq":122.7,"desc":"APP"},
{"type":"APP","freq":120.3,"desc":"APP"},
{"type":"APP","freq":121.7,"desc":"APP"}
]
}
