{"success":true,"source":"xp2cvs.pl","last_updated":"2013/03/06 18:03:30 UTC"
,"icao":"HLLB","name":"Benina","lat":32.09685975,"lon":20.269438,"rwys":2,"ils":1
,"runways":[
{"len_m":3576,"wid_m":45.11,"hdg":150,"surf":"Asphalt","rwy1":"15L","lat1":32.11158100,"lon1":020.26149400,"rwy2":"33R","lat2":32.08351700,"lon2":020.28015800},
{"len_m":3575,"wid_m":45.11,"hdg":150,"surf":"Asphalt","rwy1":"15R","lat1":32.11019400,"lon1":020.25870300,"rwy2":"33L","lat2":32.08214700,"lon2":020.27739700}
]
,"radios":[
{"type":"GND","freq":121.3,"desc":"GND"},
{"type":"TWR","freq":118.1,"desc":"TWR"},
{"type":"APP","freq":127,"desc":"ARR"},
{"type":"APP","freq":126.5,"desc":"BENGHAZI APP"},
{"type":"APP","freq":129.2,"desc":"BENGHAZI APP"},
{"type":"DEP","freq":127,"desc":"DEP"}
]
}
