{"success":true,"source":"xp2cvs.pl","last_updated":"2013/03/06 18:03:30 UTC"
,"icao":"HLLS","name":"Sebha","lat":26.989074,"lon":14.46622975,"rwys":2,"ils":1
,"runways":[
{"len_m":3589,"wid_m":45.11,"hdg":132,"surf":"Asphalt","rwy1":"13","lat1":27.00447500,"lon1":014.45137800,"rwy2":"31","lat2":26.98251900,"lon2":014.47797200},
{"len_m":1705,"wid_m":29.87,"hdg":61,"surf":"Asphalt","rwy1":"06","lat1":26.98093300,"lon1":014.46026100,"rwy2":"24","lat2":26.98836900,"lon2":014.47530800}
]
,"radios":[
{"type":"GND","freq":121.9,"desc":"GND"},
{"type":"TWR","freq":119.1,"desc":"TWR"},
{"type":"APP","freq":119.1,"desc":"APP"}
]
}
