{"success":true,"source":"xp2cvs.pl","last_updated":"2013/03/06 18:03:30 UTC"
,"icao":"HLLT","name":"Tripoli Intl","lat":32.6656585,"lon":13.15335625,"rwys":2,"ils":1
,"runways":[
{"len_m":3602,"wid_m":44.20,"hdg":88,"surf":"Asphalt","rwy1":"09","lat1":32.66309200,"lon1":013.12875800,"rwy2":"27","lat2":32.66366700,"lon2":013.16715800},
{"len_m":2635,"wid_m":44.20,"hdg":177,"surf":"Asphalt","rwy1":"18","lat1":32.67980600,"lon1":013.15809200,"rwy2":"36","lat2":32.65606900,"lon2":013.15941700}
]
,"radios":[
{"type":"GND","freq":120.1,"desc":"GND"},
{"type":"TWR","freq":118.1,"desc":"TWR"},
{"type":"TWR","freq":123,"desc":"AFIS"},
{"type":"APP","freq":124,"desc":"APP"}
]
}
