{"success":true,"source":"xp2cvs.pl","last_updated":"2013/03/06 18:03:30 UTC"
,"icao":"HTDA","name":"Mwalimu Julius K Nyerere Intl","lat":-6.87504775,"lon":39.20426475,"rwys":2,"ils":1
,"runways":[
{"len_m":3000,"wid_m":46.02,"hdg":45,"surf":"Asphalt","rwy1":"05","lat1":-06.88286400,"lon1":039.19779200,"rwy2":"23","lat2":-06.86372200,"lon2":039.21703100},
{"len_m":1004,"wid_m":29.87,"hdg":134,"surf":"Asphalt","rwy1":"14","lat1":-06.87359400,"lon1":039.19790300,"rwy2":"32","lat2":-06.88001100,"lon2":039.20433300}
]
,"radios":[
{"type":"TWR","freq":121.8,"desc":"TWR"},
{"type":"TWR","freq":118.3,"desc":"TWR"},
{"type":"APP","freq":120,"desc":"APP"},
{"type":"APP","freq":119.6,"desc":"APP"}
]
}
