{"success":true,"source":"xp2cvs.pl","last_updated":"2013/03/06 18:03:30 UTC"
,"icao":"HTKJ","name":"Kilimanjaro Intl","lat":-3.4294555,"lon":37.074499,"rwys":1,"ils":1
,"runways":[
{"len_m":3605,"wid_m":45.11,"hdg":87,"surf":"Asphalt","rwy1":"09","lat1":-03.43015800,"lon1":037.05829200,"rwy2":"27","lat2":-03.42875300,"lon2":037.09070600}
]
,"radios":[
{"type":"ATIS","freq":126.6,"desc":"ATIS"},
{"type":"TWR","freq":120.1,"desc":"TWR"},
{"type":"APP","freq":119.9,"desc":"APP"},
{"type":"APP","freq":120.1,"desc":"APP"}
]
}
