{"success":true,"source":"xp2cvs.pl","last_updated":"2013/03/06 18:03:30 UTC"
,"icao":"HUEN","name":"Entebbe Intl","lat":0.04238625,"lon":32.443504,"rwys":2,"ils":1
,"runways":[
{"len_m":3658,"wid_m":45.72,"hdg":170,"surf":"Asphalt","rwy1":"17","lat1":00.05559700,"lon1":032.43593300,"rwy2":"35","lat2":00.02291400,"lon2":032.44107500},
{"len_m":2440,"wid_m":45.72,"hdg":121,"surf":"Asphalt","rwy1":"12","lat1":00.05122800,"lon1":032.43912500,"rwy2":"30","lat2":00.03980600,"lon2":032.45788300}
]
,"radios":[
{"type":"TWR","freq":118.1,"desc":"TWR"},
{"type":"APP","freq":119.1,"desc":"APP"}
]
}
