{"success":true,"source":"xp2cvs.pl","last_updated":"2013/03/06 18:03:30 UTC"
,"icao":"KABE","name":"Lehigh Valley Intl","lat":40.65218475,"lon":-75.44047175,"rwys":2,"ils":3
,"runways":[
{"len_m":2316,"wid_m":45.72,"hdg":51,"surf":"Asphalt","rwy1":"06","lat1":40.64698300,"lon1":-075.45063100,"rwy2":"24","lat2":40.66003600,"lon2":-075.42926400},
{"len_m":1766,"wid_m":45.72,"hdg":122,"surf":"Asphalt","rwy1":"13","lat1":40.65519200,"lon1":-075.44975600,"rwy2":"31","lat2":40.64652800,"lon2":-075.43223600}
]
,"radios":[
{"type":"ATIS","freq":126.97,"desc":"ATIS"},
{"type":"CTAF","freq":122.95,"desc":"UNICOM"},
{"type":"CLD","freq":124.05,"desc":"CLNC DEL"},
{"type":"GND","freq":121.9,"desc":"GND"},
{"type":"TWR","freq":120.5,"desc":"TWR"},
{"type":"APP","freq":119.65,"desc":"APP/DEP"},
{"type":"APP","freq":124.45,"desc":"APP/DEP"},
{"type":"APP","freq":118.2,"desc":"APP/DEP"}
]
}
