{"success":true,"source":"xp2cvs.pl","last_updated":"2013/03/06 18:03:30 UTC"
,"icao":"KABR","name":"Aberdeen Rgnl","lat":45.448275,"lon":-98.42294025,"rwys":2,"ils":1
,"runways":[
{"len_m":2103,"wid_m":29.87,"hdg":135,"surf":"Concrete","rwy1":"13","lat1":45.45523600,"lon1":-098.42803600,"rwy2":"31","lat2":45.44184200,"lon2":-098.40904700},
{"len_m":1676,"wid_m":29.87,"hdg":179,"surf":"Asphalt","rwy1":"17","lat1":45.45555300,"lon1":-098.42735300,"rwy2":"35","lat2":45.44046900,"lon2":-098.42732500}
]
,"radios":[
{"type":"ATIS","freq":125.87,"desc":"ASOS"},
{"type":"CTAF","freq":122.7,"desc":"CTAF"},
{"type":"CTAF","freq":122.95,"desc":"UNICOM"}
]
}
