{"success":true,"source":"xp2cvs.pl","last_updated":"2013/03/06 18:03:30 UTC"
,"icao":"KACJ","name":"Souther Fld","lat":32.1109925,"lon":-84.1889395,"rwys":2,"ils":1
,"runways":[
{"len_m":1835,"wid_m":30.48,"hdg":45,"surf":"Asphalt","rwy1":"05","lat1":32.10437800,"lon1":-084.19551100,"rwy2":"23","lat2":32.11590600,"lon2":-084.18156100},
{"len_m":1154,"wid_m":22.86,"hdg":90,"surf":"Asphalt","rwy1":"09","lat1":32.11192500,"lon1":-084.19545800,"rwy2":"27","lat2":32.11176100,"lon2":-084.18322800}
]
,"radios":[
{"type":"ATIS","freq":128.37,"desc":"AWOS 3"},
{"type":"CTAF","freq":122.8,"desc":"CTAF/UNICOM"},
{"type":"CLD","freq":123.95,"desc":"CLNC DEL"},
{"type":"CLD","freq":119.95,"desc":"CLNC DEL"},
{"type":"APP","freq":125.5,"desc":"ATLANTA APP/DEP"},
{"type":"APP","freq":126.55,"desc":"ATLANTA APP/DEP"}
]
}
