{"success":true,"source":"xp2cvs.pl","last_updated":"2013/03/06 18:03:30 UTC"
,"icao":"KACK","name":"Nantucket Mem","lat":41.2529538333333,"lon":-70.0592003333333,"rwys":3,"ils":2
,"runways":[
{"len_m":1921,"wid_m":45.72,"hdg":45,"surf":"Asphalt","rwy1":"06","lat1":41.24694400,"lon1":-070.07252500,"rwy2":"24","lat2":41.25917500,"lon2":-070.05631400},
{"len_m":1219,"wid_m":30.48,"hdg":135,"surf":"Asphalt","rwy1":"15","lat1":41.25800800,"lon1":-070.06081900,"rwy2":"33","lat2":41.25024400,"lon2":-070.05053600},
{"len_m":821,"wid_m":15.24,"hdg":107,"surf":"Asphalt","rwy1":"12","lat1":41.25276900,"lon1":-070.06218600,"rwy2":"30","lat2":41.25058300,"lon2":-070.05282200}
]
,"radios":[
{"type":"ATIS","freq":127.5,"desc":"ATIS"},
{"type":"CTAF","freq":118.3,"desc":"CTAF"},
{"type":"CTAF","freq":122.95,"desc":"UNICOM"},
{"type":"CLD","freq":119.37,"desc":"CLNC DEL"},
{"type":"GND","freq":121.7,"desc":"GND"},
{"type":"TWR","freq":118.3,"desc":"TWR"},
{"type":"APP","freq":126.1,"desc":"CAPE APP/DEP"}
]
}
