{"success":true,"source":"xp2cvs.pl","last_updated":"2013/03/06 18:03:30 UTC"
,"icao":"KACT","name":"Waco Rgnl","lat":31.6117032625,"lon":-97.2310411675,"rwys":2,"ils":1
,"runways":[
{"len_m":2010,"wid_m":46.02,"hdg":14,"surf":"Asphalt","rwy1":"01","lat1":31.60353300,"lon1":-097.22995600,"rwy2":"19","lat2":31.62110800,"lon2":-097.22474700},
{"len_m":1553,"wid_m":46.02,"hdg":149,"surf":"Asphalt","rwy1":"14","lat1":31.61710688,"lon1":-097.23891896,"rwy2":"32","lat2":31.60506517,"lon2":-097.23054271}
]
,"radios":[
{"type":"ATIS","freq":123.85,"desc":"ATIS"},
{"type":"CTAF","freq":119.3,"desc":"CTAF"},
{"type":"CTAF","freq":122.95,"desc":"UNICOM"},
{"type":"GND","freq":121.9,"desc":"GND"},
{"type":"TWR","freq":119.3,"desc":"TWR"},
{"type":"APP","freq":135.2,"desc":"APP"},
{"type":"DEP","freq":126.12,"desc":"DEP"}
]
}
