{"success":true,"source":"xp2cvs.pl","last_updated":"2013/03/06 18:03:30 UTC"
,"icao":"KACY","name":"Atlantic City Intl","lat":39.4575,"lon":-74.57771725,"rwys":2,"ils":2
,"runways":[
{"len_m":3047,"wid_m":46.02,"hdg":117,"surf":"Asphalt","rwy1":"13","lat1":39.46426100,"lon1":-074.59101400,"rwy2":"31","lat2":39.45137200,"lon2":-074.55974700},
{"len_m":1872,"wid_m":46.02,"hdg":27,"surf":"Asphalt","rwy1":"04","lat1":39.44973600,"lon1":-074.58516100,"rwy2":"22","lat2":39.46463100,"lon2":-074.57494700}
]
,"radios":[
{"type":"CLD","freq":127.85,"desc":"CLNC DEL"},
{"type":"GND","freq":121.9,"desc":"GND"},
{"type":"TWR","freq":120.3,"desc":"TWR"},
{"type":"APP","freq":124.6,"desc":"APP/DEP"},
{"type":"APP","freq":134.25,"desc":"APP/DEP"}
]
}
