{"success":true,"source":"xp2cvs.pl","last_updated":"2013/03/06 18:03:30 UTC"
,"icao":"KADM","name":"Ardmore Muni","lat":34.303193375,"lon":-97.01676075,"rwys":4,"ils":1
,"runways":[
{"len_m":2202,"wid_m":45.72,"hdg":84,"surf":"Concrete","rwy1":"08","lat1":34.30603300,"lon1":-097.02321900,"rwy2":"26","lat2":34.30777800,"lon2":-096.99938900},
{"len_m":2200,"wid_m":45.72,"hdg":135,"surf":"Asphalt","rwy1":"13","lat1":34.31125300,"lon1":-097.02510600,"rwy2":"31","lat2":34.29712500,"lon2":-097.00832500},
{"len_m":2060,"wid_m":45.72,"hdg":45,"surf":"Concrete","rwy1":"04","lat1":34.29326700,"lon1":-097.02342200,"rwy2":"22","lat2":34.30630800,"lon2":-097.00748300},
{"len_m":1525,"wid_m":30.48,"hdg":180,"surf":"Asphalt","rwy1":"17","lat1":34.30876900,"lon1":-097.02351100,"rwy2":"35","lat2":34.29501400,"lon2":-097.02363100}
]
,"radios":[
{"type":"ATIS","freq":125.6,"desc":"ATIS"},
{"type":"CTAF","freq":118.5,"desc":"CTAF"},
{"type":"CTAF","freq":122.95,"desc":"UNICOM"},
{"type":"GND","freq":121.8,"desc":"GND"},
{"type":"TWR","freq":118.5,"desc":"TWR"}
]
}
