{"success":true,"source":"xp2cvs.pl","last_updated":"2013/03/06 18:03:30 UTC"
,"icao":"KADS","name":"Addison","lat":32.968558,"lon":-96.836454,"rwys":1,"ils":2
,"runways":[
{"len_m":2194,"wid_m":30.48,"hdg":159,"surf":"Asphalt","rwy1":"15","lat1":32.97784400,"lon1":-096.84051100,"rwy2":"33","lat2":32.95927200,"lon2":-096.83239700}
]
,"radios":[
{"type":"ATIS","freq":133.4,"desc":"ATIS"},
{"type":"CTAF","freq":126,"desc":"CTAF"},
{"type":"CTAF","freq":122.95,"desc":"UNICOM"},
{"type":"CLD","freq":119.55,"desc":"CLNC DEL"},
{"type":"GND","freq":121.6,"desc":"GND"},
{"type":"TWR","freq":126,"desc":"TWR"},
{"type":"APP","freq":124.3,"desc":"RGNL APP/DEP"}
]
}
