{"success":true,"source":"xp2cvs.pl","last_updated":"2013/03/06 18:03:30 UTC"
,"icao":"KADW","name":"Andrews Afb","lat":38.8108095,"lon":-76.86712225,"rwys":2,"ils":4
,"runways":[
{"len_m":2973,"wid_m":45.72,"hdg":359,"surf":"Asphalt","rwy1":"01R","lat1":38.79773600,"lon1":-076.86357500,"rwy2":"19L","lat2":38.82452200,"lon2":-076.86365300},
{"len_m":2834,"wid_m":60.96,"hdg":359,"surf":"Concrete","rwy1":"01L","lat1":38.79772200,"lon1":-076.87059200,"rwy2":"19R","lat2":38.82325800,"lon2":-076.87066900}
]
,"radios":[
{"type":"CLD","freq":127.55,"desc":"CLNC DEL"},
{"type":"GND","freq":121.8,"desc":"GND"},
{"type":"TWR","freq":118.4,"desc":"TWR"},
{"type":"APP","freq":119.3,"desc":"POTOMAC APP"},
{"type":"DEP","freq":125.65,"desc":"POTOMAC DEP"}
]
}
