{"success":true,"source":"xp2cvs.pl","last_updated":"2013/03/06 18:03:30 UTC"
,"icao":"KAEG","name":"Albuquerque Double Eagle Ii","lat":35.152041856,"lon":-106.79383943,"rwys":2,"ils":1
,"runways":[
{"len_m":2254,"wid_m":29.87,"hdg":46,"surf":"Asphalt","rwy1":"04","lat1":35.13874700,"lon1":-106.80918300,"rwy2":"22","lat2":35.15281900,"lon2":-106.79133100},
{"len_m":1827,"wid_m":29.87,"hdg":179,"surf":"Asphalt","rwy1":"17","lat1":35.15260800,"lon1":-106.78888900,"rwy2":"35","lat2":35.13613300,"lon2":-106.78886700}
]
,"helipads":[
{"rwy1":"H1","len_m":14,"wid_m":14.94,"hdg":-106,"surf":"Asphalt","lat1":-106.79338388,"lon1":-106.78888900},
{"rwy1":"H2","len_m":10,"wid_m":10.06,"hdg":-106,"surf":"Asphalt","lat1":-106.79304950,"lon1":-106.78888900},
{"rwy1":"H3","len_m":14,"wid_m":14.94,"hdg":-106,"surf":"Asphalt","lat1":-106.79362877,"lon1":-106.78888900}
]
,"radios":[
{"type":"ATIS","freq":119.02,"desc":"AWOS 3"},
{"type":"CTAF","freq":122.8,"desc":"CTAF/UNICOM"},
{"type":"CLD","freq":124.8,"desc":"CLNC DEL"},
{"type":"APP","freq":127.4,"desc":"ALBUQUERQUE APP/DEP"}
]
}
