{"success":true,"source":"xp2cvs.pl","last_updated":"2013/03/06 18:03:30 UTC"
,"icao":"KAEX","name":"Alexandria Intl","lat":31.3273535,"lon":-92.54824425,"rwys":2,"ils":1
,"runways":[
{"len_m":2850,"wid_m":45.72,"hdg":143,"surf":"Concrete","rwy1":"14","lat1":31.33787800,"lon1":-092.55922800,"rwy2":"32","lat2":31.31708600,"lon2":-092.54161100},
{"len_m":2134,"wid_m":45.72,"hdg":188,"surf":"Asphalt","rwy1":"18","lat1":31.33673100,"lon1":-092.54431900,"rwy2":"36","lat2":31.31771900,"lon2":-092.54781900}
]
,"radios":[
{"type":"ATIS","freq":123.97,"desc":"ASOS"},
{"type":"CTAF","freq":127.35,"desc":"CTAF"},
{"type":"CLD","freq":121.9,"desc":"CLNC DEL"},
{"type":"GND","freq":121.9,"desc":"GND"},
{"type":"TWR","freq":127.35,"desc":"TWR"},
{"type":"APP","freq":132.05,"desc":"POLK APP/DEP"}
]
}
