{"success":true,"source":"xp2cvs.pl","last_updated":"2013/03/06 18:03:30 UTC"
,"icao":"KAFP","name":"Anson Co","lat":35.0206385,"lon":-80.077118,"rwys":1,"ils":1
,"runways":[
{"len_m":1675,"wid_m":30.48,"hdg":154,"surf":"Asphalt","rwy1":"16","lat1":35.02745800,"lon1":-080.08106400,"rwy2":"34","lat2":35.01381900,"lon2":-080.07317200}
]
,"radios":[
{"type":"ATIS","freq":119.32,"desc":"AWOS 3"},
{"type":"CTAF","freq":122.8,"desc":"CTAF/UNICOM"},
{"type":"APP","freq":120.05,"desc":"CHARLOTTE APP/DEP"}
]
}
