{"success":true,"source":"xp2cvs.pl","last_updated":"2013/03/06 18:03:30 UTC"
,"icao":"KAFW","name":"Fort Worth Alliance","lat":32.9876195,"lon":-97.318858,"rwys":2,"ils":2
,"runways":[
{"len_m":2925,"wid_m":46.02,"hdg":170,"surf":"Concrete","rwy1":"16L","lat1":33.00163615,"lon1":-097.32074901,"rwy2":"34R","lat2":32.97563985,"lon2":-097.31542899},
{"len_m":2529,"wid_m":46.02,"hdg":170,"surf":"Concrete","rwy1":"16R","lat1":32.99784424,"lon1":-097.32190134,"rwy2":"34L","lat2":32.97535776,"lon2":-097.31735266}
]
,"radios":[
{"type":"ATIS","freq":126.92,"desc":"ASOS"},
{"type":"CLD","freq":128.72,"desc":"CLNC DEL"},
{"type":"GND","freq":132.65,"desc":"GND"},
{"type":"TWR","freq":120.82,"desc":"ALLIANCE TWR"},
{"type":"TWR","freq":135.15,"desc":"ALLIANCE TWR"},
{"type":"APP","freq":118.1,"desc":"RGNL APP/DEP"}
]
}
