{"success":true,"source":"xp2cvs.pl","last_updated":"2013/03/06 18:03:30 UTC"
,"icao":"KAGC","name":"Allegheny Co","lat":40.3544058333333,"lon":-79.9308423333333,"rwys":3,"ils":2
,"runways":[
{"len_m":1981,"wid_m":45.72,"hdg":89,"surf":"Concrete","rwy1":"10","lat1":40.35428300,"lon1":-079.94110000,"rwy2":"28","lat2":40.35431100,"lon2":-079.91777800},
{"len_m":1165,"wid_m":30.48,"hdg":119,"surf":"Concrete","rwy1":"13","lat1":40.35729400,"lon1":-079.93433100,"rwy2":"31","lat2":40.35205800,"lon2":-079.92243600},
{"len_m":776,"wid_m":30.48,"hdg":42,"surf":"Asphalt","rwy1":"05","lat1":40.35168600,"lon1":-079.93781700,"rwy2":"23","lat2":40.35680300,"lon2":-079.93159200}
]
,"radios":[
{"type":"ATIS","freq":120.55,"desc":"ATIS"},
{"type":"CTAF","freq":122.95,"desc":"UNICOM"},
{"type":"GND","freq":121.7,"desc":"GND"},
{"type":"TWR","freq":121.1,"desc":"TWR"},
{"type":"APP","freq":119.35,"desc":"PITTSBURGH APP/DEP"}
]
}
