{"success":true,"source":"xp2cvs.pl","last_updated":"2013/03/06 18:03:30 UTC"
,"icao":"KAGS","name":"Augusta Rgnl At Bush Fld","lat":33.36967625,"lon":-81.96389525,"rwys":2,"ils":2
,"runways":[
{"len_m":2438,"wid_m":45.72,"hdg":168,"surf":"Asphalt","rwy1":"17","lat1":33.38238600,"lon1":-081.97087500,"rwy2":"35","lat2":33.36087200,"lon2":-081.96548100},
{"len_m":1829,"wid_m":22.86,"hdg":78,"surf":"Asphalt","rwy1":"08","lat1":33.36603900,"lon1":-081.96923300,"rwy2":"26","lat2":33.36940800,"lon2":-081.94999200}
]
,"radios":[
{"type":"CTAF","freq":118.7,"desc":"CTAF"},
{"type":"CTAF","freq":122.95,"desc":"UNICOM"},
{"type":"CTAF","freq":122.95,"desc":"UNICOM"},
{"type":"GND","freq":121.9,"desc":"GND"},
{"type":"TWR","freq":118.7,"desc":"TWR"},
{"type":"APP","freq":119.15,"desc":"APP/DEP"},
{"type":"APP","freq":126.8,"desc":"APP/DEP"},
{"type":"APP","freq":126.8,"desc":"APP/DEP"}
]
}
