{"success":true,"source":"xp2cvs.pl","last_updated":"2013/03/06 18:03:30 UTC"
,"icao":"KAHN","name":"Athens Ben Epps","lat":33.94849225,"lon":-83.32582075,"rwys":2,"ils":1
,"runways":[
{"len_m":1683,"wid_m":30.48,"hdg":88,"surf":"Asphalt","rwy1":"09","lat1":33.94891100,"lon1":-083.33820800,"rwy2":"27","lat2":33.94935800,"lon2":-083.32000800},
{"len_m":1219,"wid_m":30.48,"hdg":20,"surf":"Asphalt","rwy1":"02","lat1":33.94271100,"lon1":-083.32487500,"rwy2":"20","lat2":33.95298900,"lon2":-083.32019200}
]
,"radios":[
{"type":"ATIS","freq":132.87,"desc":"ASOS"},
{"type":"CTAF","freq":126.3,"desc":"CTAF"},
{"type":"CTAF","freq":122.95,"desc":"UNICOM"},
{"type":"CLD","freq":127.5,"desc":"ATLANTA CNTR"},
{"type":"GND","freq":121.8,"desc":"GND"},
{"type":"TWR","freq":126.3,"desc":"TWR"},
{"type":"APP","freq":127.5,"desc":"ATLANTA APP/DEP"},
{"type":"APP","freq":132.47,"desc":"ATLANTA APP/DEP"}
]
}
