{"success":true,"source":"xp2cvs.pl","last_updated":"2013/03/06 18:03:30 UTC"
,"icao":"KAID","name":"Anderson Muni Darlington Fld","lat":40.10855875,"lon":-85.612641,"rwys":2,"ils":1
,"runways":[
{"len_m":1645,"wid_m":30.48,"hdg":115,"surf":"Asphalt","rwy1":"12","lat1":40.11194400,"lon1":-085.62293900,"rwy2":"30","lat2":40.10567200,"lon2":-085.60545000},
{"len_m":1036,"wid_m":22.86,"hdg":179,"surf":"Asphalt","rwy1":"18","lat1":40.11297500,"lon1":-085.61110000,"rwy2":"36","lat2":40.10364400,"lon2":-085.61107500}
]
,"radios":[
{"type":"ATIS","freq":118.37,"desc":"AWOS 3"},
{"type":"CTAF","freq":126,"desc":"CTAF"},
{"type":"CTAF","freq":122.95,"desc":"UNICOM"},
{"type":"GND","freq":121.6,"desc":"GND"},
{"type":"TWR","freq":126,"desc":"TWR"}
]
}
