{"success":true,"source":"xp2cvs.pl","last_updated":"2013/03/06 18:03:30 UTC"
,"icao":"KALB","name":"Albany Intl","lat":42.74826875,"lon":-73.801689,"rwys":2,"ils":2
,"runways":[
{"len_m":2194,"wid_m":45.72,"hdg":358,"surf":"Asphalt","rwy1":"01","lat1":42.73716900,"lon1":-073.80425300,"rwy2":"19","lat2":42.75691400,"lon2":-073.80511100},
{"len_m":2193,"wid_m":45.72,"hdg":88,"surf":"Asphalt","rwy1":"10","lat1":42.74915600,"lon1":-073.81208600,"rwy2":"28","lat2":42.74983600,"lon2":-073.78530600}
]
,"radios":[
{"type":"ATIS","freq":120.45,"desc":"ATIS"},
{"type":"CTAF","freq":122.95,"desc":"UNICOM"},
{"type":"CLD","freq":127.5,"desc":"CLNC DEL"},
{"type":"GND","freq":121.7,"desc":"GND"},
{"type":"TWR","freq":119.5,"desc":"TWR"},
{"type":"APP","freq":125,"desc":"APP/DEP"},
{"type":"APP","freq":118.05,"desc":"APP/DEP"}
]
}
