{"success":true,"source":"xp2cvs.pl","last_updated":"2013/03/06 18:03:30 UTC"
,"icao":"KALO","name":"Waterloo Rgnl","lat":42.5567078333333,"lon":-92.4003761666667,"rwys":3,"ils":1
,"runways":[
{"len_m":2560,"wid_m":45.72,"hdg":127,"surf":"Asphalt","rwy1":"12","lat1":42.56603600,"lon1":-092.41196400,"rwy2":"30","lat2":42.55191400,"lon2":-092.38732200},
{"len_m":1829,"wid_m":45.72,"hdg":187,"surf":"Asphalt","rwy1":"18","lat1":42.56586900,"lon1":-092.40147500,"rwy2":"36","lat2":42.54955300,"lon2":-092.40449400},
{"len_m":1646,"wid_m":39.32,"hdg":67,"surf":"Asphalt","rwy1":"06","lat1":42.55063600,"lon1":-092.40778300,"rwy2":"24","lat2":42.55623900,"lon2":-092.38921900}
]
,"radios":[
{"type":"ATIS","freq":120.65,"desc":"ATIS"},
{"type":"CTAF","freq":118.1,"desc":"CTAF"},
{"type":"CTAF","freq":122.95,"desc":"UNICOM"},
{"type":"GND","freq":121.9,"desc":"GND"},
{"type":"TWR","freq":118.1,"desc":"TWR"},
{"type":"APP","freq":118.9,"desc":"APP/DEP"},
{"type":"APP","freq":126.75,"desc":"APP/DEP"}
]
}
