{"success":true,"source":"xp2cvs.pl","last_updated":"2013/03/06 18:03:30 UTC"
,"icao":"KALS","name":"San Luis Valley Rgnl Bergman Fld","lat":37.43479375,"lon":-105.86550475,"rwys":2,"ils":1
,"runways":[
{"len_m":2596,"wid_m":30.48,"hdg":31,"surf":"Asphalt","rwy1":"02","lat1":37.42518300,"lon1":-105.87560800,"rwy2":"20","lat2":37.44513100,"lon2":-105.86027800},
{"len_m":975,"wid_m":30.48,"hdg":76,"surf":"Turf/grass","rwy1":"06","lat1":37.43339200,"lon1":-105.86841900,"rwy2":"24","lat2":37.43546900,"lon2":-105.85771400}
]
,"radios":[
{"type":"ATIS","freq":135.17,"desc":"ASOS"},
{"type":"CTAF","freq":122.8,"desc":"CTAF/UNICOM"}
]
}
