{"success":true,"source":"xp2cvs.pl","last_updated":"2013/03/06 18:03:30 UTC"
,"icao":"KALW","name":"Walla Walla Rgnl","lat":46.09491442,"lon":-118.28914027,"rwys":3,"ils":1
,"runways":[
{"len_m":1989,"wid_m":46.02,"hdg":36,"surf":"Asphalt","rwy1":"02","lat1":46.08532200,"lon1":-118.29167800,"rwy2":"20","lat2":46.09976700,"lon2":-118.27648900},
{"len_m":2011,"wid_m":46.02,"hdg":179,"surf":"Asphalt","rwy1":"16","lat1":46.10218597,"lon1":-118.29476100,"rwy2":"34","lat2":46.08408655,"lon2":-118.29461362},
{"len_m":1367,"wid_m":46.02,"hdg":89,"surf":"Asphalt","rwy1":"07","lat1":46.09902800,"lon1":-118.29749200,"rwy2":"25","lat2":46.09909700,"lon2":-118.27980800}
]
,"radios":[
{"type":"ATIS","freq":135.87,"desc":"ASOS"},
{"type":"CTAF","freq":118.5,"desc":"CTAF"},
{"type":"GND","freq":121.6,"desc":"GND"},
{"type":"TWR","freq":118.5,"desc":"TWR"},
{"type":"APP","freq":133.15,"desc":"CHINOOK APP/DEP"}
]
}
