{"success":true,"source":"xp2cvs.pl","last_updated":"2013/03/06 18:03:30 UTC"
,"icao":"KAMA","name":"Rick Husband Amarillo Intl","lat":35.2198505,"lon":-101.7021995,"rwys":2,"ils":2
,"runways":[
{"len_m":4114,"wid_m":60.96,"hdg":45,"surf":"Concrete","rwy1":"04","lat1":35.20512032,"lon1":-101.73270087,"rwy2":"22","lat2":35.23088768,"lon2":-101.70019913},
{"len_m":2408,"wid_m":46.02,"hdg":137,"surf":"Concrete","rwy1":"13","lat1":35.22969368,"lon1":-101.69689048,"rwy2":"31","lat2":35.21370032,"lon2":-101.67900752}
]
,"radios":[
{"type":"ATIS","freq":118.85,"desc":"ATIS"},
{"type":"CTAF","freq":118.3,"desc":"CTAF"},
{"type":"CTAF","freq":122.95,"desc":"UNICOM"},
{"type":"CLD","freq":121.65,"desc":"CLNC DEL"},
{"type":"GND","freq":121.9,"desc":"GND"},
{"type":"TWR","freq":118.3,"desc":"TWR"},
{"type":"APP","freq":121.15,"desc":"APP/DEP"}
]
}
