{"success":true,"source":"xp2cvs.pl","last_updated":"2013/03/06 18:03:30 UTC"
,"icao":"KANB","name":"Anniston Metropolitan","lat":33.58817,"lon":-85.858114,"rwys":1,"ils":1
,"runways":[
{"len_m":2133,"wid_m":46.02,"hdg":48,"surf":"Asphalt","rwy1":"05","lat1":33.58179181,"lon1":-085.86671660,"rwy2":"23","lat2":33.59454819,"lon2":-085.84951140}
]
,"radios":[
{"type":"ATIS","freq":119.67,"desc":"ASOS"},
{"type":"CTAF","freq":123.6,"desc":"CTAF"},
{"type":"CTAF","freq":123,"desc":"UNICOM"},
{"type":"APP","freq":125.45,"desc":"BIRMINGHAM APP/DEP"}
]
}
