{"success":true,"source":"xp2cvs.pl","last_updated":"2013/03/06 18:03:30 UTC"
,"icao":"KAND","name":"Anderson Rgnl","lat":34.4946125,"lon":-82.70944325,"rwys":2,"ils":1
,"runways":[
{"len_m":1829,"wid_m":45.72,"hdg":45,"surf":"Asphalt","rwy1":"05","lat1":34.48859200,"lon1":-082.71591400,"rwy2":"23","lat2":34.50006900,"lon2":-082.70161400},
{"len_m":1522,"wid_m":45.72,"hdg":165,"surf":"Asphalt","rwy1":"17","lat1":34.50155000,"lon1":-082.71214200,"rwy2":"35","lat2":34.48823900,"lon2":-082.70810300}
]
,"radios":[
{"type":"ATIS","freq":120.67,"desc":"ASOS"},
{"type":"CTAF","freq":123.6,"desc":"CTAF"},
{"type":"CTAF","freq":122.95,"desc":"UNICOM"},
{"type":"APP","freq":118.8,"desc":"GREER APP/DEP"}
]
}
