{"success":true,"source":"xp2cvs.pl","last_updated":"2013/03/06 18:03:30 UTC"
,"icao":"KANE","name":"Anoka Co Blaine (janes Field)","lat":45.144919755,"lon":-93.2111719575,"rwys":2,"ils":1
,"runways":[
{"len_m":1480,"wid_m":29.87,"hdg":180,"surf":"Asphalt","rwy1":"18","lat1":45.15169202,"lon1":-093.20990310,"rwy2":"36","lat2":45.13837198,"lon2":-093.21010087},
{"len_m":1219,"wid_m":22.86,"hdg":90,"surf":"Asphalt","rwy1":"09","lat1":45.14487551,"lon1":-093.22009343,"rwy2":"27","lat2":45.14473951,"lon2":-093.20459043}
]
,"radios":[
{"type":"ATIS","freq":120.62,"desc":"ATIS"},
{"type":"CTAF","freq":126.05,"desc":"CTAF"},
{"type":"CTAF","freq":122.95,"desc":"UNICOM"},
{"type":"CLD","freq":121.3,"desc":"CLNC DEL"},
{"type":"GND","freq":121.85,"desc":"GND"},
{"type":"TWR","freq":126.05,"desc":"TWR"},
{"type":"APP","freq":126.5,"desc":"MINNEAPOLIS APP/DEP"}
]
}
