{"success":true,"source":"xp2cvs.pl","last_updated":"2013/03/06 18:03:30 UTC"
,"icao":"KAOH","name":"Lima Allen Co","lat":40.708585,"lon":-84.02647225,"rwys":2,"ils":1
,"runways":[
{"len_m":1569,"wid_m":46.02,"hdg":90,"surf":"Asphalt","rwy1":"09","lat1":40.70694200,"lon1":-084.03595000,"rwy2":"27","lat2":40.70693900,"lon2":-084.01737800},
{"len_m":1217,"wid_m":46.02,"hdg":135,"surf":"Dirt","rwy1":"14","lat1":40.71413100,"lon1":-084.03133900,"rwy2":"32","lat2":40.70632800,"lon2":-084.02122200}
]
,"radios":[
{"type":"CTAF","freq":122.7,"desc":"CTAF/UNICOM"}
]
}
