{"success":true,"source":"xp2cvs.pl","last_updated":"2013/03/06 18:03:30 UTC"
,"icao":"KAOO","name":"Altoona Blair Co","lat":40.29648,"lon":-78.3199215,"rwys":2,"ils":1
,"runways":[
{"len_m":1665,"wid_m":30.48,"hdg":15,"surf":"Asphalt","rwy1":"03","lat1":40.28872800,"lon1":-078.32313600,"rwy2":"21","lat2":40.30314700,"lon2":-078.31774200},
{"len_m":1117,"wid_m":22.86,"hdg":108,"surf":"Asphalt","rwy1":"12","lat1":40.29860300,"lon1":-078.32564400,"rwy2":"30","lat2":40.29544200,"lon2":-078.31316400}
]
,"radios":[
{"type":"ATIS","freq":127.12,"desc":"ASOS"},
{"type":"CTAF","freq":123.6,"desc":"CTAF"},
{"type":"CTAF","freq":123,"desc":"UNICOM"}
]
}
