{"success":true,"source":"xp2cvs.pl","last_updated":"2013/03/06 18:03:30 UTC"
,"icao":"KAPN","name":"Alpena Co Rgnl","lat":45.07839225,"lon":-83.55986175,"rwys":2,"ils":1
,"runways":[
{"len_m":2743,"wid_m":46.02,"hdg":359,"surf":"Concrete","rwy1":"01","lat1":45.06493900,"lon1":-083.56137200,"rwy2":"19","lat2":45.08962500,"lon2":-083.56149200},
{"len_m":1533,"wid_m":29.87,"hdg":59,"surf":"Concrete","rwy1":"07","lat1":45.07603300,"lon1":-083.56670800,"rwy2":"25","lat2":45.08297200,"lon2":-083.54987500}
]
,"radios":[
{"type":"ATIS","freq":120.67,"desc":"ASOS"},
{"type":"CTAF","freq":121.35,"desc":"CTAF"},
{"type":"CTAF","freq":122.95,"desc":"UNICOM"},
{"type":"GND","freq":121.9,"desc":"GND"},
{"type":"TWR","freq":121.35,"desc":"TWR"},
{"type":"APP","freq":128.42,"desc":"APP/DEP"}
]
}
