{"success":true,"source":"xp2cvs.pl","last_updated":"2013/03/06 18:03:30 UTC"
,"icao":"KARA","name":"Acadiana Rgnl","lat":30.037754,"lon":-91.883893,"rwys":1,"ils":1
,"runways":[
{"len_m":2438,"wid_m":60.96,"hdg":167,"surf":"Concrete","rwy1":"16","lat1":30.04849400,"lon1":-091.88662800,"rwy2":"34","lat2":30.02701400,"lon2":-091.88115800}
]
,"radios":[
{"type":"CTAF","freq":125,"desc":"CTAF"},
{"type":"CTAF","freq":122.95,"desc":"UNICOM"},
{"type":"CLD","freq":121.7,"desc":"CLNC DEL"},
{"type":"GND","freq":121.7,"desc":"GND"},
{"type":"TWR","freq":125,"desc":"TWR"},
{"type":"APP","freq":121.1,"desc":"LAFAYETTE APP/DEP"}
]
}
