{"success":true,"source":"xp2cvs.pl","last_updated":"2013/03/06 18:03:30 UTC"
,"icao":"KARR","name":"Aurora Muni","lat":41.7720658333333,"lon":-88.4752281666667,"rwys":3,"ils":1
,"runways":[
{"len_m":1981,"wid_m":30.48,"hdg":89,"surf":"Concrete","rwy1":"09","lat1":41.77015300,"lon1":-088.48536700,"rwy2":"27","lat2":41.77041900,"lon2":-088.46153600},
{"len_m":1677,"wid_m":30.48,"hdg":146,"surf":"Concrete","rwy1":"15","lat1":41.78002800,"lon1":-088.48615600,"rwy2":"33","lat2":41.76740600,"lon2":-088.47508300},
{"len_m":974,"wid_m":22.86,"hdg":179,"surf":"Asphalt","rwy1":"18","lat1":41.77658300,"lon1":-088.47161900,"rwy2":"36","lat2":41.76780600,"lon2":-088.47160800}
]
,"radios":[
{"type":"ATIS","freq":125.85,"desc":"ASOS"},
{"type":"ATIS","freq":125.85,"desc":"ATIS"},
{"type":"CTAF","freq":120.6,"desc":"CTAF"},
{"type":"CTAF","freq":123.5,"desc":"UNICOM"},
{"type":"CTAF","freq":122.95,"desc":"UNICOM"},
{"type":"CLD","freq":121.7,"desc":"CLNC DEL"},
{"type":"GND","freq":121.7,"desc":"GND"},
{"type":"TWR","freq":120.6,"desc":"TWR"},
{"type":"APP","freq":133.5,"desc":"APP/DEP"}
]
}
