{"success":true,"source":"xp2cvs.pl","last_updated":"2013/03/06 18:03:30 UTC"
,"icao":"KART","name":"Watertown Intl","lat":43.99192125,"lon":-76.0217385,"rwys":2,"ils":1
,"runways":[
{"len_m":1523,"wid_m":45.72,"hdg":53,"surf":"Asphalt","rwy1":"07","lat1":43.98784400,"lon1":-076.02994200,"rwy2":"25","lat2":43.99601100,"lon2":-076.01468100},
{"len_m":1524,"wid_m":45.72,"hdg":92,"surf":"Asphalt","rwy1":"10","lat1":43.99226900,"lon1":-076.03065300,"rwy2":"28","lat2":43.99156100,"lon2":-076.01167800}
]
,"radios":[
{"type":"ATIS","freq":133.52,"desc":"ASOS"},
{"type":"CTAF","freq":123,"desc":"CTAF/UNICOM"},
{"type":"APP","freq":128.25,"desc":"WHEELER SACK APP/DEP"}
]
}
