{"success":true,"source":"xp2cvs.pl","last_updated":"2013/03/06 18:03:30 UTC"
,"icao":"KASG","name":"Springdale Muni","lat":36.1764,"lon":-94.1192475,"rwys":1,"ils":1
,"runways":[
{"len_m":1615,"wid_m":22.86,"hdg":187,"surf":"Asphalt","rwy1":"18","lat1":36.18362500,"lon1":-094.11813900,"rwy2":"36","lat2":36.16917500,"lon2":-094.12035600}
]
,"radios":[
{"type":"ATIS","freq":124.67,"desc":"AWOS 3"},
{"type":"CTAF","freq":118.2,"desc":"CTAF"},
{"type":"CTAF","freq":122.95,"desc":"UNICOM"},
{"type":"GND","freq":121.6,"desc":"GND"},
{"type":"TWR","freq":118.2,"desc":"TWR"},
{"type":"APP","freq":128.15,"desc":"RAZORBACK APP/DEP"}
]
}
