{"success":true,"source":"xp2cvs.pl","last_updated":"2013/03/06 18:03:30 UTC"
,"icao":"KASH","name":"Boire Field Nashua","lat":42.781757,"lon":-71.5147735,"rwys":1,"ils":1
,"runways":[
{"len_m":1676,"wid_m":29.87,"hdg":122,"surf":"Asphalt","rwy1":"14","lat1":42.78583300,"lon1":-071.52339400,"rwy2":"32","lat2":42.77768100,"lon2":-071.50615300}
]
,"radios":[
{"type":"ATIS","freq":125.1,"desc":"ASOS"},
{"type":"CTAF","freq":133.2,"desc":"CTAF"},
{"type":"GND","freq":121.8,"desc":"GND/CLNC DEL"},
{"type":"TWR","freq":133.2,"desc":"NASHUA TWR"},
{"type":"APP","freq":124.9,"desc":"BOSTON APP/DEP"},
{"type":"APP","freq":134.75,"desc":"BOSTON APP/DEP"}
]
}
