{"success":true,"source":"xp2cvs.pl","last_updated":"2013/03/06 18:03:30 UTC"
,"icao":"KAST","name":"Astoria Rgnl","lat":46.156337526,"lon":-123.879477732,"rwys":2,"ils":1
,"runways":[
{"len_m":1766,"wid_m":29.87,"hdg":95,"surf":"Asphalt","rwy1":"08","lat1":46.15983200,"lon1":-123.88974511,"rwy2":"26","lat2":46.15831400,"lon2":-123.86698489},
{"len_m":1523,"wid_m":29.87,"hdg":153,"surf":"Asphalt","rwy1":"13","lat1":46.16285278,"lon1":-123.88346128,"rwy2":"31","lat2":46.15057722,"lon2":-123.87470272}
]
,"helipads":[
{"rwy1":"H3","len_m":24,"wid_m":20.12,"hdg":-123,"surf":"Concrete","lat1":-123.88035213,"lon1":-123.88346128},
{"rwy1":"H4","len_m":24,"wid_m":20.12,"hdg":-123,"surf":"Concrete","lat1":-123.88020889,"lon1":-123.88346128},
{"rwy1":"H5","len_m":10,"wid_m":10.06,"hdg":-123,"surf":"Concrete","lat1":-123.87938064,"lon1":-123.88346128}
]
,"radios":[
{"type":"ATIS","freq":135.37,"desc":"ASOS"},
{"type":"CTAF","freq":122.8,"desc":"CTAF/UNICOM"}
]
}
