{"success":true,"source":"xp2cvs.pl","last_updated":"2013/03/06 18:03:30 UTC"
,"icao":"KASW","name":"Warsaw Muni","lat":41.27522625,"lon":-85.8412465,"rwys":2,"ils":1
,"runways":[
{"len_m":1828,"wid_m":30.48,"hdg":88,"surf":"Asphalt","rwy1":"09","lat1":41.27240800,"lon1":-085.84623300,"rwy2":"27","lat2":41.27274700,"lon2":-085.82441100},
{"len_m":1225,"wid_m":22.86,"hdg":179,"surf":"Asphalt","rwy1":"18","lat1":41.28339200,"lon1":-085.84727500,"rwy2":"36","lat2":41.27235800,"lon2":-085.84706700}
]
,"radios":[
{"type":"ATIS","freq":121.12,"desc":"AWOS 3"},
{"type":"CTAF","freq":122.7,"desc":"CTAF/UNICOM"},
{"type":"CLD","freq":134.05,"desc":"CLNC DEL"},
{"type":"APP","freq":127.2,"desc":"FORT WAYNE APP/DEP"}
]
}
