{"success":true,"source":"xp2cvs.pl","last_updated":"2013/03/06 18:03:30 UTC"
,"icao":"KATL","name":"Hartsfield Jackson Atlanta Intl","lat":33.636622707,"lon":-84.428206701,"rwys":5,"ils":10
,"runways":[
{"len_m":3623,"wid_m":46.02,"hdg":89,"surf":"Concrete","rwy1":"09L","lat1":33.63470475,"lon1":-084.44798671,"rwy2":"27R","lat2":33.63469907,"lon2":-084.40893004},
{"len_m":2743,"wid_m":46.02,"hdg":89,"surf":"Concrete","rwy1":"09R","lat1":33.63181061,"lon1":-084.44798709,"rwy2":"27L","lat2":33.63181920,"lon2":-084.41841966},
{"len_m":2743,"wid_m":46.02,"hdg":89,"surf":"Concrete","rwy1":"08L","lat1":33.64953061,"lon1":-084.43908576,"rwy2":"26R","lat2":33.64953920,"lon2":-084.40951225},
{"len_m":2743,"wid_m":46.02,"hdg":89,"surf":"Concrete","rwy1":"10","lat1":33.62026846,"lon1":-084.44789746,"rwy2":"28","lat2":33.62028135,"lon2":-084.41833729},
{"len_m":3047,"wid_m":46.02,"hdg":89,"surf":"Concrete","rwy1":"08R","lat1":33.64678214,"lon1":-084.43838257,"rwy2":"26L","lat2":33.64679168,"lon2":-084.40552818}
]
,"radios":[
{"type":"ATIS","freq":119.65,"desc":"ATIS"},
{"type":"ATIS","freq":125.55,"desc":"ATIS"},
{"type":"CTAF","freq":122.95,"desc":"UNICOM"},
{"type":"CLD","freq":118.1,"desc":"CLNC DEL"},
{"type":"GND","freq":121.65,"desc":"GND"},
{"type":"GND","freq":121.75,"desc":"GND"},
{"type":"GND","freq":121.9,"desc":"GND"},
{"type":"TWR","freq":119.1,"desc":"ATLANTA TWR"},
{"type":"TWR","freq":119.3,"desc":"ATLANTA TWR"},
{"type":"TWR","freq":119.5,"desc":"ATLANTA TWR"},
{"type":"TWR","freq":123.85,"desc":"ATLANTA TWR"},
{"type":"APP","freq":118.35,"desc":"ATLANTA APP"},
{"type":"APP","freq":126.9,"desc":"ATLANTA APP"},
{"type":"APP","freq":127.25,"desc":"ATLANTA APP"},
{"type":"APP","freq":127.9,"desc":"ATLANTA APP"},
{"type":"DEP","freq":125,"desc":"ATLANTA DEP"},
{"type":"DEP","freq":125.7,"desc":"ATLANTA DEP"},
{"type":"DEP","freq":135.7,"desc":"ATLANTA DEP"}
]
}
