{"success":true,"source":"xp2cvs.pl","last_updated":"2013/03/06 18:03:30 UTC"
,"icao":"KATW","name":"Outagamie Co Rgnl","lat":44.258019,"lon":-88.519023,"rwys":2,"ils":2
,"runways":[
{"len_m":2439,"wid_m":45.72,"hdg":26,"surf":"Concrete","rwy1":"03","lat1":44.24893100,"lon1":-088.52618100,"rwy2":"21","lat2":44.26863900,"lon2":-088.51273300},
{"len_m":1981,"wid_m":45.72,"hdg":116,"surf":"Concrete","rwy1":"11","lat1":44.26117800,"lon1":-088.52972800,"rwy2":"29","lat2":44.25332800,"lon2":-088.50745000}
]
,"radios":[
{"type":"ATIS","freq":127.15,"desc":"ATIS"},
{"type":"CTAF","freq":119.6,"desc":"CTAF"},
{"type":"CTAF","freq":122.95,"desc":"UNICOM"},
{"type":"GND","freq":121.7,"desc":"APPLETON GND"},
{"type":"TWR","freq":119.6,"desc":"APPLETON TWR"},
{"type":"APP","freq":126.3,"desc":"GREEN BAY APP/DEP"}
]
}
