{"success":true,"source":"xp2cvs.pl","last_updated":"2013/03/06 18:03:30 UTC"
,"icao":"KATY","name":"Watertown Rgnl","lat":44.91397725,"lon":-97.154718,"rwys":2,"ils":1
,"runways":[
{"len_m":2103,"wid_m":45.72,"hdg":124,"surf":"Asphalt","rwy1":"12","lat1":44.92221400,"lon1":-097.16929700,"rwy2":"30","lat2":44.91147200,"lon2":-097.14735800},
{"len_m":2101,"wid_m":45.72,"hdg":180,"surf":"Asphalt","rwy1":"17","lat1":44.92056700,"lon1":-097.15105000,"rwy2":"35","lat2":44.90165600,"lon2":-097.15116700}
]
,"radios":[
{"type":"ATIS","freq":126.62,"desc":"ASOS"},
{"type":"CTAF","freq":123.05,"desc":"CTAF/UNICOM"}
]
}
