{"success":true,"source":"xp2cvs.pl","last_updated":"2013/03/06 18:03:30 UTC"
,"icao":"KAUG","name":"Augusta State","lat":44.32027075,"lon":-69.7964535,"rwys":2,"ils":1
,"runways":[
{"len_m":1524,"wid_m":45.72,"hdg":153,"surf":"Asphalt","rwy1":"17","lat1":44.32766100,"lon1":-069.80368100,"rwy2":"35","lat2":44.31542500,"lon2":-069.79503600},
{"len_m":824,"wid_m":22.86,"hdg":62,"surf":"Asphalt","rwy1":"08","lat1":44.31726100,"lon1":-069.79811100,"rwy2":"26","lat2":44.32073600,"lon2":-069.78898600}
]
,"radios":[
{"type":"ATIS","freq":118.32,"desc":"ASOS"},
{"type":"CTAF","freq":123,"desc":"CTAF/UNICOM"},
{"type":"CLD","freq":119.95,"desc":"CLNC DEL"},
{"type":"APP","freq":128.35,"desc":"PORTLAND APP/DEP"}
]
}
