{"success":true,"source":"xp2cvs.pl","last_updated":"2013/03/06 18:03:30 UTC"
,"icao":"KAUS","name":"Austin Bergstrom Intl","lat":30.1903577925,"lon":-97.6646384425,"rwys":2,"ils":4
,"runways":[
{"len_m":3733,"wid_m":46.02,"hdg":178,"surf":"Concrete","rwy1":"17R","lat1":30.21361400,"lon1":-097.67936400,"rwy2":"35L","lat2":30.17994700,"lon2":-097.67847500},
{"len_m":2743,"wid_m":46.02,"hdg":178,"surf":"Concrete","rwy1":"17L","lat1":30.20383100,"lon1":-097.65789200,"rwy2":"35R","lat2":30.17909200,"lon2":-097.65724400}
]
,"helipads":[
{"rwy1":"H1","len_m":11,"wid_m":11.89,"hdg":-97,"surf":"Concrete","lat1":-097.66100098,"lon1":-097.65789200},
{"rwy1":"H2","len_m":11,"wid_m":11.89,"hdg":-97,"surf":"Concrete","lat1":-097.66106529,"lon1":-097.65789200}
]
,"radios":[
{"type":"ATIS","freq":128.87,"desc":"ASOS"},
{"type":"ATIS","freq":124.4,"desc":"ATIS"},
{"type":"CTAF","freq":122.95,"desc":"UNICOM"},
{"type":"CLD","freq":125.5,"desc":"CLNC DEL"},
{"type":"GND","freq":121.7,"desc":"GND"},
{"type":"GND","freq":121.9,"desc":"GND"},
{"type":"TWR","freq":121,"desc":"TWR"}
]
}
