{"success":true,"source":"xp2cvs.pl","last_updated":"2013/03/06 18:03:30 UTC"
,"icao":"KAVL","name":"Asheville Rgnl","lat":35.4365639975,"lon":-82.5409314225,"rwys":1,"ils":2
,"runways":[
{"len_m":2438,"wid_m":46.02,"hdg":159,"surf":"Asphalt","rwy1":"16","lat1":35.44649605,"lon1":-082.54644213,"rwy2":"34","lat2":35.42586720,"lon2":-082.53718092}
]
,"helipads":[
{"rwy1":"H1","len_m":14,"wid_m":14.94,"hdg":-82,"surf":"Concrete","lat1":-082.54005132,"lon1":-082.54644213}
]
,"radios":[
{"type":"ATIS","freq":120.2,"desc":"ATIS"},
{"type":"CTAF","freq":121.1,"desc":"CTAF"},
{"type":"CTAF","freq":122.95,"desc":"UNICOM"},
{"type":"GND","freq":121.9,"desc":"GND"},
{"type":"TWR","freq":121.1,"desc":"TWR"},
{"type":"APP","freq":124.65,"desc":"APP/DEP"},
{"type":"APP","freq":125.8,"desc":"APP/DEP"}
]
}
