{"success":true,"source":"xp2cvs.pl","last_updated":"2013/03/06 18:03:30 UTC"
,"icao":"KAVP","name":"Wilkes Barre Scranton Intl","lat":41.3388945,"lon":-75.7231065,"rwys":2,"ils":2
,"runways":[
{"len_m":2286,"wid_m":46.02,"hdg":32,"surf":"Asphalt","rwy1":"04","lat1":41.32870001,"lon1":-075.73153005,"rwy2":"22","lat2":41.34602199,"lon2":-075.71677595},
{"len_m":1310,"wid_m":46.02,"hdg":91,"surf":"Asphalt","rwy1":"10","lat1":41.34060341,"lon1":-075.72988579,"rwy2":"28","lat2":41.34025259,"lon2":-075.71423421}
]
,"radios":[
{"type":"CTAF","freq":122.95,"desc":"UNICOM"},
{"type":"GND","freq":121.9,"desc":"GND"},
{"type":"TWR","freq":120.1,"desc":"TWR"},
{"type":"APP","freq":124.5,"desc":"APP/DEP"},
{"type":"APP","freq":126.3,"desc":"APP/DEP"}
]
}
