{"success":true,"source":"xp2cvs.pl","last_updated":"2013/03/06 18:03:30 UTC"
,"icao":"KAXN","name":"Chandler Fld","lat":45.8662945,"lon":-95.39456025,"rwys":2,"ils":1
,"runways":[
{"len_m":1554,"wid_m":30.48,"hdg":139,"surf":"Asphalt","rwy1":"13","lat1":45.87163300,"lon1":-095.40207500,"rwy2":"31","lat2":45.86103100,"lon2":-095.38902500},
{"len_m":1249,"wid_m":22.86,"hdg":49,"surf":"Asphalt","rwy1":"04","lat1":45.86259200,"lon1":-095.39966900,"rwy2":"22","lat2":45.86992200,"lon2":-095.38747200}
]
,"radios":[
{"type":"ATIS","freq":118.37,"desc":"ASOS"},
{"type":"CTAF","freq":123,"desc":"CTAF/UNICOM"}
]
}
