{"success":true,"source":"xp2cvs.pl","last_updated":"2013/03/06 18:03:30 UTC"
,"icao":"KAYS","name":"Waycross Ware Co","lat":31.2486838333333,"lon":-82.3948721666667,"rwys":3,"ils":1
,"runways":[
{"len_m":1828,"wid_m":45.72,"hdg":179,"surf":"Asphalt","rwy1":"18","lat1":31.25544700,"lon1":-082.39838100,"rwy2":"36","lat2":31.23895600,"lon2":-082.39812800},
{"len_m":1534,"wid_m":30.48,"hdg":42,"surf":"Asphalt","rwy1":"05","lat1":31.24322500,"lon1":-082.39979400,"rwy2":"23","lat2":31.25346100,"lon2":-082.38895000},
{"len_m":1075,"wid_m":30.48,"hdg":128,"surf":"Asphalt","rwy1":"13","lat1":31.25351400,"lon1":-082.39641900,"rwy2":"31","lat2":31.24750000,"lon2":-082.38756100}
]
,"radios":[
{"type":"ATIS","freq":118.57,"desc":"AWOS 3"},
{"type":"CTAF","freq":122.8,"desc":"CTAF/UNICOM"}
]
}
