{"success":true,"source":"xp2cvs.pl","last_updated":"2013/03/06 18:03:30 UTC"
,"icao":"KAZO","name":"Kalamazoo Battle Creek Intl","lat":42.235236,"lon":-85.552226,"rwys":3,"ils":1
,"runways":[
{"len_m":1981,"wid_m":46.02,"hdg":171,"surf":"Asphalt","rwy1":"17","lat1":42.24245600,"lon1":-085.55196900,"rwy2":"35","lat2":42.22483100,"lon2":-085.54825600},
{"len_m":1047,"wid_m":29.87,"hdg":44,"surf":"Asphalt","rwy1":"05","lat1":42.23484200,"lon1":-085.55807500,"rwy2":"23","lat2":42.24151400,"lon2":-085.54910800},
{"len_m":853,"wid_m":17.98,"hdg":90,"surf":"Asphalt","rwy1":"09","lat1":42.23389200,"lon1":-085.55814200,"rwy2":"27","lat2":42.23388100,"lon2":-085.54780600}
]
,"radios":[
{"type":"ATIS","freq":127.25,"desc":"ATIS"},
{"type":"CTAF","freq":118.3,"desc":"CTAF"},
{"type":"CTAF","freq":122.95,"desc":"UNICOM"},
{"type":"CLD","freq":121.75,"desc":"CLNC DEL"},
{"type":"GND","freq":121.9,"desc":"GND"},
{"type":"TWR","freq":118.3,"desc":"TWR"},
{"type":"APP","freq":119.2,"desc":"APP/DEP"},
{"type":"APP","freq":121.2,"desc":"APP/DEP"},
{"type":"APP","freq":123.8,"desc":"APP/DEP"}
]
}
